runDate,stations,trainId,trainCode,index,trainStationId,scheduledArrival,scheduledDeparture,distance,dayCount,day,ArrivalDelay,DepartureDelay
2020-02-20,FZR,11528,12138,1,2657812,,2020-02-20 21:40:00,0,0,Thursday,-3.898302232159928,-20.881803102914084
2020-02-20,FDK,11528,12138,2,2659393,2020-02-20 22:05:00,2020-02-20 22:07:00,32,0,Thursday,0.4223267501580139,-17.923351652735022
2020-02-20,KKP,11528,12138,3,2658108,2020-02-20 22:23:00,2020-02-20 22:25:00,45,0,Thursday,-2.9216473683565525,-12.105729338034259
2020-02-20,GJUT,11528,12138,4,2734206,2020-02-20 22:38:00,2020-02-20 22:40:00,61,0,Thursday,5.148714005057364,-9.148792620682357
2020-02-20,GNA,11528,12138,5,2742572,2020-02-20 22:54:00,2020-02-20 22:56:00,76,0,Thursday,6.906109290385334,-9.159038168342988
2020-02-20,BTI,11528,12138,6,2657716,2020-02-20 23:25:00,2020-02-20 23:50:00,88,0,Thursday,-3.3423595029012034,-15.705491152085763
2020-02-20,MAUR,11528,12138,7,2658362,2020-02-21 00:14:00,2020-02-21 00:16:00,122,1,Thursday,-7.994029648912246,9.469521695380646
2020-02-20,MSZ,11528,12138,8,2659151,2020-02-21 00:31:00,2020-02-21 00:33:00,140,1,Thursday,1.5158452709748147,9.903261754507735
2020-02-20,BLZ,11528,12138,9,2658107,2020-02-21 00:47:00,2020-02-21 00:49:00,156,1,Thursday,6.259937667725431,8.597898756058871
2020-02-20,BRZ,11528,12138,10,2733490,2020-02-21 01:02:00,2020-02-21 01:04:00,172,1,Thursday,16.553926199167734,13.303567383596128
2020-02-20,JHL,11528,12138,11,2659348,2020-02-21 01:21:00,2020-02-21 01:23:00,186,1,Thursday,5.529185816128539,5.804686001668301
2020-02-20,TUN,11528,12138,12,2657804,2020-02-21 01:33:00,2020-02-21 01:35:00,198,1,Thursday,11.055804841532648,12.74237907343348
2020-02-20,NRW,11528,12138,13,2659565,2020-02-21 01:54:00,2020-02-21 01:56:00,224,1,Thursday,20.527088356774986,15.247443273901872
2020-02-20,JIND,11528,12138,14,2658192,2020-02-21 02:25:00,2020-02-21 02:28:00,258,1,Thursday,12.401260283338747,19.115967511804683
2020-02-20,ROK,11528,12138,15,2659284,2020-02-21 03:10:00,2020-02-21 03:12:00,315,1,Thursday,9.576768460376481,19.676758680797192
2020-02-20,BGZ,11528,12138,16,2657989,2020-02-21 03:38:00,2020-02-21 03:40:00,355,1,Thursday,19.170455977750876,17.791567407352968
2020-02-20,SSB,11528,12138,17,2658315,2020-02-21 04:18:00,2020-02-21 04:20:00,374,1,Thursday,5.446041507369117,17.337464172850378
2020-02-20,DKZ,11528,12138,18,2659013,2020-02-21 04:33:00,2020-02-21 04:35:00,382,1,Thursday,3.027410686225089,18.05061618753063
2020-02-20,NDLS,11528,12138,19,2657756,2020-02-21 05:00:00,2020-02-21 05:15:00,386,1,Thursday,14.793674389524469,19.315211817133996
2020-02-20,FDB,11528,12138,20,2659398,2020-02-21 05:41:00,2020-02-21 05:43:00,414,1,Thursday,39.16721824971761,36.16448167951823
2020-02-20,KSV,11528,12138,21,2734622,2020-02-21 06:57:00,2020-02-21 06:59:00,486,1,Thursday,22.155085794606702,30.94828764102829
2020-02-20,MTJ,11528,12138,22,2659144,2020-02-21 07:38:00,2020-02-21 07:40:00,527,1,Thursday,42.71262828117199,38.31064506820351
2020-02-20,RKM,11528,12138,23,2659326,2020-02-21 08:14:00,2020-02-21 08:16:00,577,1,Thursday,49.11057163769815,64.10096416626027
2020-02-20,AGC,11528,12138,24,2657986,2020-02-21 08:30:00,2020-02-21 08:35:00,581,1,Thursday,62.95659622469866,68.80159622084771
2020-02-20,DHO,11528,12138,25,2659095,2020-02-21 09:25:00,2020-02-21 09:27:00,634,1,Thursday,52.322399428467804,69.80705845305535
2020-02-20,MRA,11528,12138,26,2659193,2020-02-21 09:53:00,2020-02-21 09:55:00,661,1,Thursday,73.51921102838648,76.03497057963418
2020-02-20,GWL,11528,12138,27,2658454,2020-02-21 10:35:00,2020-02-21 10:40:00,699,1,Thursday,78.00901728016008,79.20187898722376
2020-02-20,DBA,11528,12138,28,2658414,2020-02-21 11:15:00,2020-02-21 11:17:00,741,1,Thursday,91.4384922360008,95.79963287500867
2020-02-20,DAA,11528,12138,29,2658432,2020-02-21 11:38:00,2020-02-21 11:40:00,772,1,Thursday,102.68723726134458,98.0100615689814
2020-02-20,JHS,11528,12138,30,2659350,2020-02-21 12:25:00,2020-02-21 12:35:00,797,1,Thursday,82.33586835536508,88.64189725446204
2020-02-20,BAB,11528,12138,31,2657894,2020-02-21 13:00:00,2020-02-21 13:02:00,822,1,Thursday,104.56015528376142,103.76816401537643
2020-02-20,LAR,11528,12138,32,2658398,2020-02-21 13:47:00,2020-02-21 13:49:00,887,1,Thursday,116.03873487205169,95.23451273979148
2020-02-20,BINA,11528,12138,33,2657929,2020-02-21 14:45:00,2020-02-21 14:50:00,950,1,Thursday,105.2013261415751,102.66303655623966
2020-02-20,BAQ,11528,12138,34,2657881,2020-02-21 15:23:00,2020-02-21 15:25:00,996,1,Thursday,124.71469153216907,109.1419467784306
2020-02-20,BHS,11528,12138,35,2658012,2020-02-21 15:52:00,2020-02-21 15:54:00,1035,1,Thursday,125.52697530798736,108.89171879070122
2020-02-20,BPL,11528,12138,36,2658194,2020-02-21 16:50:00,2020-02-21 16:55:00,1088,1,Thursday,121.07041020597696,99.03182758249135
2020-02-20,HBJ,11528,12138,37,2658440,2020-02-21 17:07:00,2020-02-21 17:09:00,1095,1,Thursday,117.72379303991671,94.35460795717061
2020-02-20,HBD,11528,12138,38,2658443,2020-02-21 18:13:00,2020-02-21 18:15:00,1162,1,Thursday,126.5934757379005,109.6422279808016
2020-02-20,ET,11528,12138,39,2658804,2020-02-21 18:40:00,2020-02-21 18:46:00,1180,1,Thursday,121.42179941050378,109.32000182244082
2020-02-20,BPF,11528,12138,40,2731917,2020-02-21 19:13:00,2020-02-21 19:15:00,1214,1,Thursday,124.90453759302274,112.30310569363722
2020-02-20,HD,11528,12138,41,2658940,2020-02-21 19:43:00,2020-02-21 19:45:00,1256,1,Thursday,139.59825400714362,112.77463407686713
2020-02-20,KKN,11528,12138,42,2731952,2020-02-21 20:10:00,2020-02-21 20:12:00,1288,1,Thursday,134.37766164077686,113.9876865246226
2020-02-20,KNW,11528,12138,43,2658041,2020-02-21 21:35:00,2020-02-21 21:40:00,1364,1,Thursday,111.99520316745115,84.95806512923032
2020-02-20,BAU,11528,12138,44,2657885,2020-02-21 22:28:00,2020-02-21 22:30:00,1433,1,Thursday,119.13433359131304,91.5203032333406
2020-02-20,BSL,11528,12138,45,2657664,2020-02-21 23:30:00,2020-02-21 23:35:00,1487,1,Thursday,114.39740863627479,92.54574553438944
2020-02-20,JL,11528,12138,46,2658959,2020-02-22 23:59:00,2020-02-22 00:01:00,1511,2,Thursday,109.11338281944789,82.26114000687622
2020-02-20,CSN,11528,12138,47,2658714,2020-02-22 00:59:00,2020-02-22 01:01:00,1604,2,Thursday,126.4109611765921,106.49673891377984
2020-02-20,MMR,11528,12138,48,2658996,2020-02-22 01:50:00,2020-02-22 01:55:00,1671,2,Thursday,125.0892399150046,105.51995889748406
2020-02-20,NK,11528,12138,49,2658902,2020-02-22 02:45:00,2020-02-22 02:50:00,1744,2,Thursday,151.58032901664845,128.0919474720065
2020-02-20,DVL,11528,12138,50,2733304,2020-02-22 02:58:00,2020-02-22 03:00:00,1750,2,Thursday,149.7938096111464,126.25179750474084
2020-02-20,IGP,11528,12138,51,2658818,2020-02-22 04:25:00,2020-02-22 04:30:00,1795,2,Thursday,107.66513015173096,78.55736705072607
2020-02-20,KYN,11528,12138,52,2658310,2020-02-22 06:20:00,2020-02-22 06:25:00,1877,2,Thursday,128.78498537604025,77.21748175594169
2020-02-20,DR,11528,12138,53,2658794,2020-02-22 07:02:00,2020-02-22 07:05:00,1919,2,Thursday,103.99271935209022,68.83387628870977
2020-02-20,CSMT,11528,12138,54,10448787,2020-02-22 07:45:00,,1928,2,Thursday,101.65076448562105,3.5019841575955226
2020-02-20,CSMT,11529,12139,1,10448787,,2020-02-20 14:55:00,0,0,Thursday,15.094579177940961,42.49791077394663
2020-02-20,DR,11529,12139,2,2658794,2020-02-20 15:02:00,2020-02-20 15:05:00,9,0,Thursday,19.0240274240996,38.949950245043475
2020-02-20,TNA,11529,12139,3,2658206,2020-02-20 15:30:00,2020-02-20 15:33:00,33,0,Thursday,21.503557914348484,37.12145457678246
2020-02-20,KYN,11529,12139,4,2658310,2020-02-20 15:55:00,2020-02-20 15:58:00,51,0,Thursday,18.122084599868206,39.40187260932853
2020-02-20,KSRA,11529,12139,5,2658819,2020-02-20 16:58:00,2020-02-20 17:00:00,118,0,Thursday,25.770765254857686,55.27166373520579
2020-02-20,IGP,11529,12139,6,2658818,2020-02-20 17:30:00,2020-02-20 17:35:00,133,0,Thursday,24.36890942143686,42.79985630679705
2020-02-20,DVL,11529,12139,7,2733304,2020-02-20 18:15:00,2020-02-20 18:17:00,178,0,Thursday,29.34534857035787,55.7200700970444
2020-02-20,NK,11529,12139,8,2658902,2020-02-20 18:25:00,2020-02-20 18:30:00,183,0,Thursday,29.24581602686668,55.29233086291495
2020-02-20,NR,11529,12139,9,2658921,2020-02-20 18:58:00,2020-02-20 19:00:00,215,0,Thursday,28.58995492896813,57.951601815097774
2020-02-20,LS,11529,12139,10,2658888,2020-02-20 19:18:00,2020-02-20 19:20:00,231,0,Thursday,31.859744777346968,53.12345422268374
2020-02-20,MMR,11529,12139,11,2658996,2020-02-20 19:42:00,2020-02-20 19:45:00,256,0,Thursday,26.790332784335497,56.40290532056162
2020-02-20,NGN,11529,12139,12,2659357,2020-02-20 20:08:00,2020-02-20 20:10:00,282,0,Thursday,28.909693863388053,53.2674050443008
2020-02-20,CSN,11529,12139,13,2658714,2020-02-20 20:38:00,2020-02-20 20:40:00,324,0,Thursday,29.355468596759913,55.90820152098091
2020-02-20,PC,11529,12139,14,2659051,2020-02-20 21:08:00,2020-02-20 21:10:00,368,0,Thursday,31.2755376854599,54.62112056885554
2020-02-20,JL,11529,12139,15,2658959,2020-02-20 21:48:00,2020-02-20 21:50:00,416,0,Thursday,30.583366481820065,61.14071199844412
2020-02-20,BSL,11529,12139,16,2657664,2020-02-20 22:20:00,2020-02-20 22:25:00,440,0,Thursday,29.387195974859374,67.80984001877758
2020-02-20,VNA,11529,12139,17,2659096,2020-02-20 22:44:00,2020-02-20 22:45:00,453,0,Thursday,41.74464187517793,74.29078382781252
2020-02-20,BDWD,11529,12139,18,2658441,2020-02-20 23:03:00,2020-02-20 23:05:00,471,0,Thursday,42.47288243780513,73.18323295787911
2020-02-20,MKU,11529,12139,19,2659030,2020-02-20 23:23:00,2020-02-20 23:25:00,490,0,Thursday,42.834873543117496,74.46766139196917
2020-02-20,NN,11529,12139,20,2658901,2020-02-20 23:48:00,2020-02-20 23:50:00,518,0,Thursday,42.84591041186908,77.95635462673724
2020-02-20,JM,11529,12139,21,2733461,2020-02-21 00:13:00,2020-02-21 00:15:00,530,1,Thursday,26.922861500098435,43.16588797636185
2020-02-20,SEG,11529,12139,22,2658547,2020-02-21 00:28:00,2020-02-21 00:30:00,543,1,Thursday,30.413988003961766,50.63179672255389
2020-02-20,AK,11529,12139,23,2658847,2020-02-21 01:10:00,2020-02-21 01:15:00,580,1,Thursday,28.48603371399029,38.61282995622819
2020-02-20,MZR,11529,12139,24,2659323,2020-02-21 01:45:00,2020-02-21 01:47:00,617,1,Thursday,30.738172040353223,54.368664324838186
2020-02-20,BD,11529,12139,25,2658859,2020-02-21 02:35:00,2020-02-21 02:40:00,659,1,Thursday,14.490540717245029,32.17828439729032
2020-02-20,CND,11529,12139,26,2658592,2020-02-21 03:05:00,2020-02-21 03:07:00,688,1,Thursday,19.46970551733043,35.26851479044472
2020-02-20,DMN,11529,12139,27,2659179,2020-02-21 03:20:00,2020-02-21 03:22:00,704,1,Thursday,17.17032904836857,36.39306855509634
2020-02-20,PLO,11529,12139,28,2658333,2020-02-21 03:37:00,2020-02-21 03:39:00,724,1,Thursday,18.26573154218313,41.962747017827525
2020-02-20,WR,11529,12139,29,2658999,2020-02-21 04:10:00,2020-02-21 04:20:00,754,1,Thursday,20.418068802742766,36.88795332707628
2020-02-20,SEGM,11529,12139,30,2658373,2020-02-21 04:25:00,2020-02-21 04:27:00,757,1,Thursday,19.25369600121205,37.154246285747284
2020-02-20,BPK,11529,12139,31,2658195,2020-02-21 06:15:00,2020-02-21 06:16:00,769,1,Thursday,18.04476046289591,34.56267179701529
2020-02-20,SNN,11529,12139,32,2658762,2020-02-21 06:30:00,2020-02-21 06:31:00,776,1,Thursday,17.02736283335762,33.20536380057208
2020-02-20,SNI,11529,12139,33,2658757,2020-02-21 04:48:00,2020-02-21 04:50:00,786,1,Thursday,26.84233363377461,45.74771962700135
2020-02-20,HGT,11529,12139,34,2658236,2020-02-21 06:53:00,2020-02-21 06:54:00,793,1,Thursday,24.936960550952964,42.86496204283951
2020-02-20,NGI,11529,12139,35,2659370,2020-02-21 07:13:00,2020-02-21 07:14:00,808,1,Thursday,25.229223308087242,37.38296137683895
2020-02-20,CKNI,11529,12139,36,2733459,2020-02-21 07:25:00,2020-02-21 07:26:00,821,1,Thursday,24.130181330596066,36.74131784421427
2020-02-20,AJNI,11529,12139,37,2659433,2020-02-21 05:35:00,2020-02-21 05:37:00,830,1,Thursday,22.965324515577702,41.65258922893398
2020-02-20,WRR,11529,12139,38,2658633,2020-02-21 07:36:00,2020-02-21 07:37:00,831,1,Thursday,22.07811100877112,34.791703226066986
2020-02-20,NGP,11529,12139,39,2659359,2020-02-21 06:05:00,,833,1,Thursday,12.408057124265255,20.821950309233994
2020-02-20,MJRI,11529,12139,40,2658822,2020-02-21 07:47:00,2020-02-21 07:48:00,843,1,Thursday,14.881799564803607,17.241158074978333
2020-02-20,BUX,11529,12139,41,2657773,2020-02-21 07:58:00,2020-02-21 07:59:00,853,1,Thursday,17.05851206738343,24.496538443996513
2020-02-20,TAE,11529,12139,42,2658360,2020-02-21 08:09:00,2020-02-21 08:10:00,862,1,Thursday,9.84602971522055,22.015900594328865
2020-02-20,CD,11529,12139,43,2658780,2020-02-21 08:30:00,2020-02-21 08:32:00,877,1,Thursday,10.837138416810323,23.664403584198006
2020-02-20,BUPH,11529,12139,44,2733414,2020-02-21 08:41:00,2020-02-21 08:42:00,882,1,Thursday,11.763868291056106,22.33061334351688
2020-02-20,GNVR,11529,12139,45,2750135,2020-02-21 08:47:00,2020-02-21 08:48:00,886,1,Thursday,15.833972915603724,21.089947489191445
2020-02-20,BPQ,11529,12139,46,2658211,2020-02-21 09:45:00,,891,1,Thursday,15.539464861600248,15.607343986399364
2020-02-20,SBC,11615,12295,1,2659471,,2020-02-20 09:00:00,0,0,Thursday,6.101486346350825,40.722088346300104
2020-02-20,BNC,11615,12295,2,2658151,2020-02-20 09:10:00,2020-02-20 09:12:00,4,0,Thursday,11.494137943324986,46.25250292464451
2020-02-20,KJM,11615,12295,3,2657967,2020-02-20 09:21:00,2020-02-20 09:23:00,14,0,Thursday,13.526147842825779,35.63631078500946
2020-02-20,BWT,11615,12295,4,2657742,2020-02-20 10:08:00,2020-02-20 10:10:00,70,0,Thursday,26.6457168939153,46.187014237590255
2020-02-20,KPN,11615,12295,5,2658185,2020-02-20 10:36:00,2020-02-20 10:38:00,104,0,Thursday,24.08673525900099,46.46758748759662
2020-02-20,JTJ,11615,12295,6,2657662,2020-02-20 11:28:00,2020-02-20 11:30:00,145,0,Thursday,16.700374232687036,52.491697012211965
2020-02-20,KPD,11615,12295,7,2658215,2020-02-20 12:35:00,2020-02-20 12:40:00,229,0,Thursday,20.528974817715348,55.47570480145536
2020-02-20,AJJ,11615,12295,8,2658079,2020-02-20 13:33:00,2020-02-20 13:35:00,290,0,Thursday,22.00757149231186,57.98606239129802
2020-02-20,MAS,11615,12295,9,2658933,2020-02-20 15:15:00,2020-02-20 15:40:00,359,0,Thursday,5.926249496637631,36.44437736582319
2020-02-20,GDR,11615,12295,10,2657687,2020-02-20 17:43:00,2020-02-20 17:45:00,496,0,Thursday,11.895665360809879,47.151681012569384
2020-02-20,NLR,11615,12295,11,2659518,2020-02-20 18:06:00,2020-02-20 18:08:00,535,0,Thursday,23.80407310089134,65.43366821946705
2020-02-20,OGL,11615,12295,12,2657808,2020-02-20 19:33:00,2020-02-20 19:34:00,651,0,Thursday,38.843012608782914,85.06018854949299
2020-02-20,BZA,11615,12295,13,2657824,2020-02-20 22:10:00,2020-02-20 22:20:00,790,0,Thursday,11.427110740943867,56.454051786365994
2020-02-20,WL,11615,12295,14,2659008,2020-02-21 01:05:00,2020-02-21 01:06:00,996,1,Thursday,32.459902791188725,38.43435898138109
2020-02-20,RDM,11615,12295,15,2733232,2020-02-21 02:39:00,2020-02-21 02:40:00,1098,1,Thursday,35.12177699873359,50.417645084454485
2020-02-20,SKZR,11615,12295,16,2733191,2020-02-21 03:32:00,2020-02-21 03:33:00,1170,1,Thursday,37.254039785637026,51.75318856684958
2020-02-20,BPQ,11615,12295,17,2658211,2020-02-21 04:55:00,2020-02-21 05:05:00,1240,1,Thursday,27.373874020227007,29.025419441702674
2020-02-20,CD,11615,12295,18,2658780,2020-02-21 05:19:00,2020-02-21 05:20:00,1253,1,Thursday,34.36136642956065,45.91515500146415
2020-02-20,SEGM,11615,12295,19,2658373,2020-02-21 07:02:00,2020-02-21 07:03:00,1372,1,Thursday,39.69336790544627,55.01197062791211
2020-02-20,NGP,11615,12295,20,2659359,2020-02-21 08:25:00,2020-02-21 08:30:00,1448,1,Thursday,30.917983174264766,56.87697413390657
2020-02-20,PAR,11615,12295,21,2658393,2020-02-21 10:08:00,2020-02-21 10:09:00,1553,1,Thursday,43.78347103140486,56.3402673110313
2020-02-20,BZU,11615,12295,22,2657828,2020-02-21 11:40:00,2020-02-21 11:41:00,1639,1,Thursday,57.00997871042888,67.28638641622597
2020-02-20,GDYA,11615,12295,23,2731936,2020-02-21 12:22:00,2020-02-21 12:24:00,1676,1,Thursday,84.5061674302258,86.0329084619234
2020-02-20,ET,11615,12295,24,2658804,2020-02-21 14:25:00,2020-02-21 14:35:00,1746,1,Thursday,79.12672233373564,83.36456642063361
2020-02-20,PPI,11615,12295,25,2658657,2020-02-21 15:28:00,2020-02-21 15:30:00,1814,1,Thursday,126.28973870722926,125.6216624979428
2020-02-20,NU,11615,12295,26,2658919,2020-02-21 16:32:00,2020-02-21 16:34:00,1907,1,Thursday,190.73855153921022,133.11927416651878
2020-02-20,JBP,11615,12295,27,2659444,2020-02-21 17:50:00,2020-02-21 18:00:00,1992,1,Thursday,202.39576280534183,160.53386219545288
2020-02-20,KTE,11615,12295,28,2658224,2020-02-21 19:25:00,2020-02-21 19:30:00,2082,1,Thursday,228.52121897784963,173.55876801384676
2020-02-20,MYR,11615,12295,29,2659313,2020-02-21 20:13:00,2020-02-21 20:15:00,2145,1,Thursday,281.9539695173868,219.83352007761528
2020-02-20,STA,11615,12295,30,2658311,2020-02-21 21:00:00,2020-02-21 21:10:00,2181,1,Thursday,242.26818786536722,231.85930265509901
2020-02-20,PCOI,11615,12295,31,10448784,2020-02-22 01:10:00,2020-02-22 01:15:00,2351,2,Thursday,258.94244851860924,271.36243155000477
2020-02-20,MZP,11615,12295,32,2659327,2020-02-22 02:40:00,2020-02-22 02:45:00,2431,2,Thursday,226.04264076942752,244.3184987246432
2020-02-20,DDU,11615,12295,33,10448973,2020-02-22 05:08:00,2020-02-22 05:18:00,2494,2,Thursday,163.65558694129447,145.1022052332675
2020-02-20,BXR,11615,12295,34,2657796,2020-02-22 06:32:00,2020-02-22 06:34:00,2588,2,Thursday,182.74660640765933,180.43406358351328
2020-02-20,ARA,11615,12295,35,2657706,2020-02-22 07:53:00,2020-02-22 07:55:00,2657,2,Thursday,167.0922988721834,173.30450265182918
2020-02-20,DNR,11615,12295,36,2659203,2020-02-22 09:05:00,,2696,2,Thursday,151.6588791551515,59.94594741567583
2020-02-20,HWH,13260,12311,1,2659041,,2020-02-20 19:40:00,0,0,Thursday,10.90406012557844,10.953670002956866
2020-02-20,BWN,13260,12311,2,2733587,2020-02-20 20:50:00,2020-02-20 20:55:00,95,0,Thursday,30.246587044457307,16.420472421603648
2020-02-20,DGR,13260,12311,3,2659071,2020-02-20 21:43:00,2020-02-20 21:45:00,158,0,Thursday,31.97740924404293,19.856986035954343
2020-02-20,ASN,13260,12311,4,2657726,2020-02-20 22:17:00,2020-02-20 22:22:00,201,0,Thursday,22.766482974711366,16.944240027380808
2020-02-20,DHN,13260,12311,5,2659097,2020-02-20 23:26:00,2020-02-20 23:31:00,259,0,Thursday,35.34680136058693,21.538501871477326
2020-02-20,GMO,13260,12311,6,2658618,2020-02-21 23:56:00,2020-02-21 00:01:00,289,1,Thursday,43.604311573480764,34.84953790078314
2020-02-20,PNME,13260,12311,7,2734393,2020-02-21 00:12:00,2020-02-21 00:15:00,307,1,Thursday,15.37910429270384,6.051883543582889
2020-02-20,HZD,13260,12311,8,2658990,2020-02-21 00:36:00,2020-02-21 00:39:00,334,1,Thursday,15.171521852355802,10.183925827145988
2020-02-20,KQR,13260,12311,9,2733883,2020-02-21 01:11:00,2020-02-21 01:14:00,382,1,Thursday,15.888633105966989,12.931527168302232
2020-02-20,GAYA,13260,12311,10,2657836,2020-02-21 02:55:00,2020-02-21 03:00:00,458,1,Thursday,24.926850498006367,15.393645420432861
2020-02-20,DOS,13260,12311,11,2659213,2020-02-21 03:57:00,2020-02-21 03:59:00,543,1,Thursday,27.78868720665038,23.62461367427694
2020-02-20,SSM,13260,12311,12,2658320,2020-02-21 04:12:00,2020-02-21 04:14:00,561,1,Thursday,32.44134496263604,30.728351764615205
2020-02-20,BBU,13260,12311,13,2657908,2020-02-21 04:45:00,2020-02-21 04:47:00,609,1,Thursday,33.86913804287501,40.917147870860674
2020-02-20,DDU,13260,12311,14,10448973,2020-02-21 06:10:00,2020-02-21 06:25:00,663,1,Thursday,27.655965876244213,26.77852965157134
2020-02-20,MZP,13260,12311,15,2659327,2020-02-21 07:35:00,2020-02-21 07:37:00,727,1,Thursday,25.928120280971648,28.1008986514666
2020-02-20,PRYJ,13260,12311,16,2658173,2020-02-21 09:00:00,2020-02-21 09:10:00,816,1,Thursday,39.5128190410285,29.40301654877272
2020-02-20,FTP,13260,12311,17,2657927,2020-02-21 10:50:00,2020-02-21 10:52:00,933,1,Thursday,85.57984424703298,81.62802487331803
2020-02-20,CNB,13260,12311,18,2658594,2020-02-21 12:25:00,2020-02-21 12:35:00,1010,1,Thursday,86.99101728489359,70.15860586138177
2020-02-20,PHD,13260,12311,19,2658263,2020-02-21 13:44:00,2020-02-21 13:46:00,1094,1,Thursday,107.522593508588,97.76053006183093
2020-02-20,ETW,13260,12311,20,2659554,2020-02-21 14:25:00,2020-02-21 14:30:00,1150,1,Thursday,128.73831713113128,115.75541245481772
2020-02-20,SKB,13260,12311,21,2658678,2020-02-21 15:06:00,2020-02-21 15:08:00,1205,1,Thursday,148.17469024900294,149.70563703783841
2020-02-20,FZD,13260,12311,22,2657816,2020-02-21 15:30:00,2020-02-21 15:35:00,1225,1,Thursday,147.3043257325307,141.49495917378636
2020-02-20,TDL,13260,12311,23,2658366,2020-02-21 16:10:00,2020-02-21 16:15:00,1242,1,Thursday,139.3591811287793,135.13858344702146
2020-02-20,HRS,13260,12311,24,2659104,2020-02-21 16:53:00,2020-02-21 16:55:00,1290,1,Thursday,136.90873055598348,135.3078688866304
2020-02-20,ALJN,13260,12311,25,2658371,2020-02-21 17:20:00,2020-02-21 17:25:00,1320,1,Thursday,146.60563898310613,150.86452398123646
2020-02-20,KRJ,13260,12311,26,2658133,2020-02-21 17:55:00,2020-02-21 17:57:00,1363,1,Thursday,148.3080229469274,144.35316709422182
2020-02-20,GZB,13260,12311,27,2658532,2020-02-21 20:00:00,2020-02-21 20:02:00,1426,1,Thursday,109.86566545751359,91.58539155610035
2020-02-20,DLI,13260,12311,28,2659025,2020-02-21 21:00:00,2020-02-21 21:30:00,1446,1,Thursday,110.80509232665975,80.98651738117155
2020-02-20,SZM,13260,12311,29,2658271,2020-02-21 21:43:00,2020-02-21 21:45:00,1449,1,Thursday,94.8411067456243,83.64444989557285
2020-02-20,SNP,13260,12311,30,2658765,2020-02-21 22:14:00,2020-02-21 22:16:00,1489,1,Thursday,101.20827538628669,92.24523899337956
2020-02-20,GNU,13260,12311,31,2731978,2020-02-21 22:29:00,2020-02-21 22:31:00,1505,1,Thursday,110.16029722329905,95.35435520312643
2020-02-20,SMK,13260,12311,32,2658733,2020-02-21 22:43:00,2020-02-21 22:45:00,1518,1,Thursday,110.48420259325215,95.28387670454836
2020-02-20,PNP,13260,12311,33,2658611,2020-02-21 23:01:00,2020-02-21 23:03:00,1535,1,Thursday,102.20778648611852,93.78447420790634
2020-02-20,KUN,13260,12311,34,2658272,2020-02-21 23:30:00,2020-02-21 23:32:00,1569,1,Thursday,93.86914260779076,96.76945955705924
2020-02-20,KKDE,13260,12311,35,2659417,2020-02-22 00:36:00,2020-02-22 00:38:00,1602,2,Thursday,85.41614518375916,108.71385977128244
2020-02-20,UMB,13260,12311,36,2659509,2020-02-22 01:55:00,2020-02-22 02:05:00,1644,2,Thursday,58.944143527902895,88.5576727408797
2020-02-20,CDG,13260,12311,37,2658510,2020-02-22 02:55:00,2020-02-22 03:55:00,1689,2,Thursday,58.31327127480942,78.92735827760865
2020-02-20,CNDM,13260,12311,38,2658553,2020-02-22 04:08:00,2020-02-22 04:10:00,1698,2,Thursday,60.12787719774239,77.52002926930977
2020-02-20,KLK,13260,12311,39,2658088,2020-02-22 04:35:00,,1714,2,Thursday,48.63860834618086,22.98457715116668
2020-02-20,HWH,11628,12321,1,2659041,,2020-02-20 21:55:00,0,0,Thursday,8.719267873796856,28.49110668460583
2020-02-20,BWN,11628,12321,2,2733587,2020-02-20 23:05:00,2020-02-20 23:10:00,95,0,Thursday,14.992882475675387,35.59167982680114
2020-02-20,PAN,11628,12321,3,2658408,2020-02-20 23:47:00,2020-02-20 23:49:00,143,0,Thursday,15.335066776823368,36.73633915915178
2020-02-20,DGR,11628,12321,4,2659071,2020-02-21 00:02:00,2020-02-21 00:04:00,158,1,Thursday,10.685403480688343,16.02854662036752
2020-02-20,RNG,11628,12321,5,2659248,2020-02-21 00:21:00,2020-02-21 00:23:00,182,1,Thursday,10.347845393427484,16.161736187097077
2020-02-20,ASN,11628,12321,6,2657726,2020-02-21 00:38:00,2020-02-21 00:43:00,201,1,Thursday,12.60806868683041,15.733176034122657
2020-02-20,BRR,11628,12321,7,2657670,2020-02-21 01:03:00,2020-02-21 01:05:00,218,1,Thursday,17.43604214408831,19.05575913413636
2020-02-20,DHN,11628,12321,8,2659097,2020-02-21 02:05:00,2020-02-21 02:10:00,259,1,Thursday,11.089476327660567,10.509094620944182
2020-02-20,GMO,11628,12321,9,2658618,2020-02-21 02:34:00,2020-02-21 02:39:00,289,1,Thursday,10.758045849046887,15.44408606116718
2020-02-20,PNME,11628,12321,10,2734393,2020-02-21 02:52:00,2020-02-21 02:54:00,307,1,Thursday,12.536260655522288,16.25327891996264
2020-02-20,HZD,11628,12321,11,2658990,2020-02-21 03:21:00,2020-02-21 03:23:00,334,1,Thursday,13.029446574620199,15.984841881655338
2020-02-20,KQR,11628,12321,12,2733883,2020-02-21 03:55:00,2020-02-21 03:57:00,382,1,Thursday,16.622632726286408,15.254448960485934
2020-02-20,GAYA,11628,12321,13,2657836,2020-02-21 05:19:00,2020-02-21 05:24:00,458,1,Thursday,14.014579344662486,18.702934236583438
2020-02-20,AUBR,11628,12321,14,2657990,2020-02-21 06:08:00,2020-02-21 06:10:00,527,1,Thursday,19.630713752110072,19.788660266088524
2020-02-20,DOS,11628,12321,15,2659213,2020-02-21 06:26:00,2020-02-21 06:28:00,543,1,Thursday,19.251633882874067,17.73942081765188
2020-02-20,SSM,11628,12321,16,2658320,2020-02-21 06:39:00,2020-02-21 06:41:00,561,1,Thursday,23.132613588244556,18.50110347425934
2020-02-20,BBU,11628,12321,17,2657908,2020-02-21 07:12:00,2020-02-21 07:14:00,609,1,Thursday,26.211143272389098,24.15468671309292
2020-02-20,DDU,11628,12321,18,10448973,2020-02-21 08:10:00,2020-02-21 08:30:00,663,1,Thursday,20.638323971624047,23.06348991969591
2020-02-20,CAR,11628,12321,19,2657877,2020-02-21 09:12:00,2020-02-21 09:14:00,695,1,Thursday,29.909271728096037,28.953018741501744
2020-02-20,MZP,11628,12321,20,2659327,2020-02-21 09:40:00,2020-02-21 09:45:00,727,1,Thursday,35.76145788624031,31.030288442743334
2020-02-20,BDL,11628,12321,21,2657953,2020-02-21 09:55:00,2020-02-21 09:57:00,734,1,Thursday,34.226158289221196,28.41808976682327
2020-02-20,PCOI,11628,12321,22,10448784,2020-02-21 11:17:00,2020-02-21 11:22:00,807,1,Thursday,31.507107408335408,33.010082790846496
2020-02-20,SRJ,11628,12321,23,2658642,2020-02-21 11:53:00,2020-02-21 11:54:00,844,1,Thursday,51.00062654799687,62.98512338703111
2020-02-20,MKP,11628,12321,24,2659032,2020-02-21 13:23:00,2020-02-21 13:25:00,899,1,Thursday,45.70718240503406,43.33041009810225
2020-02-20,STA,11628,12321,25,2658311,2020-02-21 14:40:00,2020-02-21 14:50:00,977,1,Thursday,43.84962502428663,48.20627445086878
2020-02-20,MYR,11628,12321,26,2659313,2020-02-21 15:13:00,2020-02-21 15:15:00,1012,1,Thursday,45.37928274086092,47.26541443028216
2020-02-20,KTE,11628,12321,27,2658224,2020-02-21 16:15:00,2020-02-21 16:20:00,1075,1,Thursday,49.06235541307092,51.51505229196571
2020-02-20,JBP,11628,12321,28,2659444,2020-02-21 17:40:00,2020-02-21 17:50:00,1166,1,Thursday,51.49534908595656,46.97066830173295
2020-02-20,SRID,11628,12321,29,2658579,2020-02-21 18:28:00,2020-02-21 18:30:00,1219,1,Thursday,61.420412025603596,55.1529666187001
2020-02-20,NU,11628,12321,30,2658919,2020-02-21 19:03:00,2020-02-21 19:05:00,1250,1,Thursday,56.14877554102268,60.07500192672238
2020-02-20,KY,11628,12321,31,2658865,2020-02-21 19:18:00,2020-02-21 19:20:00,1266,1,Thursday,52.91699968748692,48.511645844544034
2020-02-20,GAR,11628,12321,32,2657869,2020-02-21 19:43:00,2020-02-21 19:45:00,1295,1,Thursday,48.39371225410552,47.31197967539209
2020-02-20,PPI,11628,12321,33,2658657,2020-02-21 20:28:00,2020-02-21 20:30:00,1344,1,Thursday,60.848162208796666,60.013479148034136
2020-02-20,ET,11628,12321,34,2658804,2020-02-21 22:10:00,2020-02-21 22:20:00,1411,1,Thursday,31.16026033144285,50.93334565521175
2020-02-20,HD,11628,12321,35,2658940,2020-02-21 23:10:00,2020-02-21 23:12:00,1487,1,Thursday,52.687420186950845,61.3656769629347
2020-02-20,KNW,11628,12321,36,2658041,2020-02-22 00:57:00,2020-02-22 01:00:00,1595,2,Thursday,38.287675366366805,81.06163090406628
2020-02-20,NPNR,11628,12321,37,2731950,2020-02-22 01:33:00,2020-02-22 01:35:00,1637,2,Thursday,46.494125076127055,74.41322715675011
2020-02-20,BAU,11628,12321,38,2657885,2020-02-22 01:58:00,2020-02-22 02:00:00,1664,2,Thursday,43.44295598668105,82.89603544406106
2020-02-20,BSL,11628,12321,39,2657664,2020-02-22 02:55:00,2020-02-22 03:00:00,1718,2,Thursday,35.233955467360246,78.48184266433154
2020-02-20,JL,11628,12321,40,2658959,2020-02-22 03:23:00,2020-02-22 03:25:00,1742,2,Thursday,41.33313282947446,78.63762352554673
2020-02-20,CSN,11628,12321,41,2658714,2020-02-22 04:24:00,2020-02-22 04:25:00,1835,2,Thursday,80.01511349213877,110.99803811131343
2020-02-20,MMR,11628,12321,42,2658996,2020-02-22 05:32:00,2020-02-22 05:35:00,1902,2,Thursday,70.5779425836277,85.2942777432788
2020-02-20,NK,11628,12321,43,2658902,2020-02-22 06:57:00,2020-02-22 07:00:00,1975,2,Thursday,72.32618074209921,82.51476992892236
2020-02-20,DVL,11628,12321,44,2733304,2020-02-22 07:08:00,2020-02-22 07:10:00,1981,2,Thursday,70.5945249476519,100.32220373660522
2020-02-20,IGP,11628,12321,45,2658818,2020-02-22 08:30:00,2020-02-22 08:35:00,2026,2,Thursday,41.584104804667525,52.41831892585716
2020-02-20,KYN,11628,12321,46,2658310,2020-02-22 10:12:00,2020-02-22 10:15:00,2107,2,Thursday,39.44031403301407,60.20117807999033
2020-02-20,DR,11628,12321,47,2658794,2020-02-22 10:57:00,2020-02-22 11:00:00,2150,2,Thursday,54.054169933181555,82.9976330275905
2020-02-20,CSMT,11628,12321,48,10448787,2020-02-22 11:25:00,,2159,2,Thursday,49.13240461377376,47.063326969283494
2020-02-20,NDLS,11849,12616,1,2657756,,2020-02-20 18:40:00,0,0,Thursday,-0.4696817588633593,1.404855798231253
2020-02-20,MTJ,11849,12616,2,2659144,2020-02-20 20:35:00,2020-02-20 20:40:00,141,0,Thursday,-1.3740769519960594,7.0127942882322
2020-02-20,RKM,11849,12616,3,2659326,2020-02-20 21:16:00,2020-02-20 21:18:00,191,0,Thursday,2.6890193838481977,9.896017718845037
2020-02-20,AGC,11849,12616,4,2657986,2020-02-20 21:30:00,2020-02-20 21:35:00,195,0,Thursday,2.9392785938889503,10.18786362082956
2020-02-20,DHO,11849,12616,5,2659095,2020-02-20 22:20:00,2020-02-20 22:22:00,248,0,Thursday,3.724572822883083,11.478526223785654
2020-02-20,MRA,11849,12616,6,2659193,2020-02-20 22:45:00,2020-02-20 22:47:00,275,0,Thursday,11.910620197757915,15.25380138520907
2020-02-20,GWL,11849,12616,7,2658454,2020-02-20 23:16:00,2020-02-20 23:21:00,313,0,Thursday,8.363838336244026,11.677368574850878
2020-02-20,JHS,11849,12616,8,2659350,2020-02-21 00:45:00,2020-02-21 00:55:00,411,1,Thursday,9.03201951541853,5.327862335902971
2020-02-20,BINA,11849,12616,9,2657929,2020-02-21 03:15:00,2020-02-21 03:20:00,564,1,Thursday,15.442832666065666,5.103385381362543
2020-02-20,BAQ,11849,12616,10,2657881,2020-02-21 03:52:00,2020-02-21 03:54:00,610,1,Thursday,20.696764453521126,16.002986246055627
2020-02-20,BHS,11849,12616,11,2658012,2020-02-21 04:23:00,2020-02-21 04:25:00,649,1,Thursday,22.989634197117685,21.38925666047656
2020-02-20,BPL,11849,12616,12,2658194,2020-02-21 05:20:00,2020-02-21 05:25:00,703,1,Thursday,13.245220052383377,12.341666585676698
2020-02-20,HBJ,11849,12616,13,2658440,2020-02-21 05:37:00,2020-02-21 05:39:00,709,1,Thursday,18.820798799457897,17.494094005953944
2020-02-20,HBD,11849,12616,14,2658443,2020-02-21 06:50:00,2020-02-21 06:52:00,776,1,Thursday,20.063151140521846,19.030626620796884
2020-02-20,ET,11849,12616,15,2658804,2020-02-21 07:21:00,2020-02-21 07:30:00,794,1,Thursday,16.98941508772994,11.818841788471811
2020-02-20,GDYA,11849,12616,16,2731936,2020-02-21 08:28:00,2020-02-21 08:30:00,865,1,Thursday,23.05441566283382,16.75984094293873
2020-02-20,BZU,11849,12616,17,2657828,2020-02-21 09:15:00,2020-02-21 09:18:00,901,1,Thursday,22.93095112609015,18.62540546220467
2020-02-20,AMLA,11849,12616,18,2657827,2020-02-21 09:43:00,2020-02-21 09:45:00,925,1,Thursday,11.261156737110788,1.1096526553262862
2020-02-20,PAR,11849,12616,19,2658393,2020-02-21 10:41:00,2020-02-21 10:43:00,988,1,Thursday,18.599576517283023,3.839734172532836
2020-02-20,NRKR,11849,12616,20,2657941,2020-02-21 10:59:00,2020-02-21 11:01:00,1007,1,Thursday,25.89459239531103,3.554079483286607
2020-02-20,NGP,11849,12616,21,2659359,2020-02-21 12:25:00,2020-02-21 12:30:00,1093,1,Thursday,20.49940475917932,3.6264778016995223
2020-02-20,SEGM,11849,12616,22,2658373,2020-02-21 13:32:00,2020-02-21 13:34:00,1169,1,Thursday,37.432840000491765,8.512272022868625
2020-02-20,HGT,11849,12616,23,2658236,2020-02-21 14:02:00,2020-02-21 14:04:00,1202,1,Thursday,42.65291356846345,13.377372493693386
2020-02-20,CD,11849,12616,24,2658780,2020-02-21 15:08:00,2020-02-21 15:11:00,1288,1,Thursday,44.63206941954495,15.171441355623411
2020-02-20,BPQ,11849,12616,25,2658211,2020-02-21 16:00:00,2020-02-21 16:05:00,1301,1,Thursday,13.099040586128297,-1.8770044390419258
2020-02-20,SKZR,11849,12616,26,2733191,2020-02-21 16:54:00,2020-02-21 16:55:00,1371,1,Thursday,33.326342376199364,5.091571311579969
2020-02-20,BPA,11849,12616,27,2732117,2020-02-21 17:31:00,2020-02-21 17:32:00,1410,1,Thursday,42.10265855448756,22.753991725924195
2020-02-20,MCI,11849,12616,28,2658898,2020-02-21 17:48:00,2020-02-21 17:49:00,1429,1,Thursday,44.615235324610396,24.34659260297363
2020-02-20,RDM,11849,12616,29,2733232,2020-02-21 17:59:00,2020-02-21 18:00:00,1443,1,Thursday,46.75911143669046,28.49171655712053
2020-02-20,WL,11849,12616,30,2659008,2020-02-21 19:30:00,2020-02-21 19:35:00,1544,1,Thursday,59.0603571256274,25.725988775152583
2020-02-20,KMT,11849,12616,31,2658066,2020-02-21 20:58:00,2020-02-21 21:00:00,1652,1,Thursday,68.61716980535476,49.01144447619487
2020-02-20,BZA,11849,12616,32,2657824,2020-02-21 23:15:00,2020-02-21 23:20:00,1751,1,Thursday,28.811730950848627,3.933705250538793
2020-02-20,TEL,11849,12616,33,2657987,2020-02-21 23:48:00,2020-02-21 23:49:00,1783,1,Thursday,63.79410172702002,20.078575466220073
2020-02-20,BPP,11849,12616,34,2658210,2020-02-22 00:21:00,2020-02-22 00:22:00,1825,2,Thursday,55.05262539745672,73.0048184684521
2020-02-20,CLX,11849,12616,35,2658650,2020-02-22 00:33:00,2020-02-22 00:34:00,1840,2,Thursday,66.23538051285593,87.96287148055472
2020-02-20,OGL,11849,12616,36,2657808,2020-02-22 01:17:00,2020-02-22 01:18:00,1890,2,Thursday,58.01146351829537,63.322892219960195
2020-02-20,NLR,11849,12616,37,2659518,2020-02-22 02:34:00,2020-02-22 02:35:00,2006,2,Thursday,46.901229829578185,58.698312305351465
2020-02-20,GDR,11849,12616,38,2657687,2020-02-22 03:53:00,2020-02-22 03:55:00,2045,2,Thursday,17.281786570289576,32.69299710781315
2020-02-20,MAS,11849,12616,39,2658933,2020-02-22 06:20:00,,2182,2,Thursday,25.68607692903593,-19.00338001315513
2020-02-20,ERS,11850,12617,1,2659585,,2020-02-20 10:50:00,0,0,Thursday,9.66592200789734,-3.2543198045925834
2020-02-20,AWY,11850,12617,2,2657810,2020-02-20 11:08:00,2020-02-20 11:10:00,20,0,Thursday,24.885356075719784,15.121149390839584
2020-02-20,TCR,11850,12617,3,2658364,2020-02-20 12:10:00,2020-02-20 12:13:00,74,0,Thursday,47.84149956595082,53.20184485239176
2020-02-20,SRR,11850,12617,4,2658666,2020-02-20 13:05:00,2020-02-20 13:10:00,107,0,Thursday,32.75599955796307,22.703614206003515
2020-02-20,PTB,11850,12617,5,2658731,2020-02-20 13:24:00,2020-02-20 13:25:00,119,0,Thursday,38.90660077836167,33.07019370946928
2020-02-20,KTU,11850,12617,6,2658248,2020-02-20 13:38:00,2020-02-20 13:40:00,137,0,Thursday,40.878388777119135,28.372974620489956
2020-02-20,TIR,11850,12617,7,2657930,2020-02-20 13:53:00,2020-02-20 13:55:00,152,0,Thursday,40.377056646704105,34.44764921560771
2020-02-20,PGI,11850,12617,8,2658289,2020-02-20 14:08:00,2020-02-20 14:10:00,168,0,Thursday,50.87074418352003,50.04877026194664
2020-02-20,FK,11850,12617,9,2733324,2020-02-20 14:23:00,2020-02-20 14:25:00,183,0,Thursday,48.140168590028594,45.83509279402384
2020-02-20,CLT,11850,12617,10,2658645,2020-02-20 14:42:00,2020-02-20 14:45:00,193,0,Thursday,43.38782088695775,51.36953646298461
2020-02-20,QLD,11850,12617,11,2658803,2020-02-20 15:08:00,2020-02-20 15:10:00,218,0,Thursday,58.2897166199682,49.13611280009385
2020-02-20,BDJ,11850,12617,12,2733463,2020-02-20 15:28:00,2020-02-20 15:30:00,240,0,Thursday,58.780542979592965,55.3846009078062
2020-02-20,TLY,11850,12617,13,2733405,2020-02-20 15:53:00,2020-02-20 15:55:00,262,0,Thursday,44.75480200478478,36.25750020498736
2020-02-20,CAN,11850,12617,14,2657873,2020-02-20 16:22:00,2020-02-20 16:25:00,282,0,Thursday,45.58309850839669,41.02690540373351
2020-02-20,PAZ,11850,12617,15,2733469,2020-02-20 16:43:00,2020-02-20 16:45:00,304,0,Thursday,51.9273356580651,51.69275629733061
2020-02-20,PAY,11850,12617,16,2658397,2020-02-20 16:58:00,2020-02-20 17:00:00,316,0,Thursday,47.888858119860515,42.871325938726905
2020-02-20,NLE,11850,12617,17,2659513,2020-02-20 17:18:00,2020-02-20 17:20:00,336,0,Thursday,51.55771087347743,51.70721531133994
2020-02-20,KZE,11850,12617,18,2658323,2020-02-20 17:33:00,2020-02-20 17:35:00,345,0,Thursday,40.869049278583915,40.72492621524644
2020-02-20,KGQ,11850,12617,19,2658005,2020-02-20 17:53:00,2020-02-20 17:55:00,369,0,Thursday,41.98945128214386,45.204980558189746
2020-02-20,MAJN,11850,12617,20,2658724,2020-02-20 19:00:00,2020-02-20 19:15:00,416,0,Thursday,21.459488444338724,12.662717435472217
2020-02-20,UD,11850,12617,21,2658974,2020-02-20 21:06:00,2020-02-20 21:08:00,478,0,Thursday,33.27347807905956,20.43122846956257
2020-02-20,KUDA,11850,12617,22,2731989,2020-02-20 21:34:00,2020-02-20 21:36:00,510,0,Thursday,26.47073747818878,25.378093412988825
2020-02-20,BTJL,11850,12617,23,2659446,2020-02-20 22:22:00,2020-02-20 22:24:00,559,0,Thursday,42.63640057436625,40.03527958358204
2020-02-20,KT,11850,12617,24,2658864,2020-02-20 23:13:00,2020-02-20 23:15:00,614,0,Thursday,40.118496301605305,33.265862064481254
2020-02-20,KAWR,11850,12617,25,2658130,2020-02-21 00:12:00,2020-02-21 00:14:00,669,1,Thursday,32.86058791863017,41.50811822172901
2020-02-20,MAO,11850,12617,26,2658936,2020-02-21 01:25:00,2020-02-21 01:35:00,729,1,Thursday,30.78611020151468,40.53746542618024
2020-02-20,THVM,11850,12617,27,2657663,2020-02-21 02:20:00,2020-02-21 02:22:00,775,1,Thursday,42.41010979183106,51.6703949842391
2020-02-20,KKW,11850,12617,28,2734508,2020-02-21 03:32:00,2020-02-21 03:34:00,854,1,Thursday,36.212979628080035,42.889928783753334
2020-02-20,RN,11850,12617,29,2659091,2020-02-21 06:00:00,2020-02-21 06:05:00,965,1,Thursday,43.50039916768888,42.428715319550825
2020-02-20,CHI,11850,12617,30,2658572,2020-02-21 07:35:00,2020-02-21 07:37:00,1040,1,Thursday,46.93140654629058,52.58462455906901
2020-02-20,PNVL,11850,12617,31,2659322,2020-02-21 12:50:00,2020-02-21 12:55:00,1243,1,Thursday,9.943803479012129,0.4555309689952125
2020-02-20,KYN,11850,12617,32,2658310,2020-02-21 13:40:00,2020-02-21 13:43:00,1277,1,Thursday,18.519738527435653,17.862537176099252
2020-02-20,IGP,11850,12617,33,2658818,2020-02-21 15:50:00,2020-02-21 15:55:00,1359,1,Thursday,23.278835042485316,-1.0329103281056575
2020-02-20,NK,11850,12617,34,2658902,2020-02-21 16:35:00,2020-02-21 16:40:00,1410,1,Thursday,18.484903265844142,20.156518445249684
2020-02-20,MMR,11850,12617,35,2658996,2020-02-21 17:38:00,2020-02-21 17:40:00,1483,1,Thursday,23.7295272174399,12.910238163156098
2020-02-20,BSL,11850,12617,36,2657664,2020-02-21 20:00:00,2020-02-21 20:05:00,1667,1,Thursday,26.433416251970577,29.46574191439837
2020-02-20,BAU,11850,12617,37,2657885,2020-02-21 20:48:00,2020-02-21 20:50:00,1721,1,Thursday,47.22024664431541,49.17618425203564
2020-02-20,KNW,11850,12617,38,2658041,2020-02-21 22:32:00,2020-02-21 22:35:00,1790,1,Thursday,5.274719093672303,12.72169565416037
2020-02-20,ET,11850,12617,39,2658804,2020-02-22 00:55:00,2020-02-22 01:05:00,1974,2,Thursday,4.702830455596313,26.84333654670337
2020-02-20,BPL,11850,12617,40,2658194,2020-02-22 02:40:00,2020-02-22 02:45:00,2065,2,Thursday,14.425601332645815,47.70065563928266
2020-02-20,BINA,11850,12617,41,2657929,2020-02-22 04:40:00,2020-02-22 04:45:00,2204,2,Thursday,7.757136400328957,27.06245063264646
2020-02-20,JHS,11850,12617,42,2659350,2020-02-22 06:45:00,2020-02-22 06:55:00,2357,2,Thursday,15.387140382480496,34.272810843296995
2020-02-20,GWL,11850,12617,43,2658454,2020-02-22 08:05:00,2020-02-22 08:10:00,2455,2,Thursday,24.98995937039953,29.943108188342755
2020-02-20,MRA,11850,12617,44,2659193,2020-02-22 08:37:00,2020-02-22 08:39:00,2493,2,Thursday,50.92055799415412,42.56495577931241
2020-02-20,AGC,11850,12617,45,2657986,2020-02-22 10:00:00,2020-02-22 10:05:00,2573,2,Thursday,22.579684937984002,28.224938625346926
2020-02-20,MTJ,11850,12617,46,2659144,2020-02-22 10:50:00,2020-02-22 10:52:00,2627,2,Thursday,39.25333395754619,37.15180393216154
2020-02-20,FDB,11850,12617,47,2659398,2020-02-22 12:41:00,2020-02-22 12:43:00,2740,2,Thursday,15.087303662655817,23.030864025909448
2020-02-20,NZM,11850,12617,48,2657830,2020-02-22 13:15:00,,2761,2,Thursday,12.720124186768935,5.746116440275358
2020-02-20,TVC,11858,12625,1,2657792,,2020-02-20 11:15:00,0,0,Thursday,8.874594143471658,14.875808064725696
2020-02-20,VAK,11858,12625,2,2733464,2020-02-20 11:49:00,2020-02-20 11:50:00,41,0,Thursday,14.901837111371268,18.823004192128437
2020-02-20,QLN,11858,12625,3,2658802,2020-02-20 12:22:00,2020-02-20 12:25:00,65,0,Thursday,24.065674720401663,22.019542560658167
2020-02-20,KYJ,11858,12625,4,2658308,2020-02-20 12:58:00,2020-02-20 13:00:00,105,0,Thursday,20.824765466465585,23.319639191673748
2020-02-20,MVLK,11858,12625,5,2733330,2020-02-20 13:09:00,2020-02-20 13:10:00,113,0,Thursday,28.030817988726206,24.148252738619387
2020-02-20,CNGR,11858,12625,6,2658479,2020-02-20 13:18:00,2020-02-20 13:20:00,126,0,Thursday,36.17951482137555,36.68720891625884
2020-02-20,TRVL,11858,12625,7,2658674,2020-02-20 13:29:00,2020-02-20 13:30:00,135,0,Thursday,35.685557222427036,34.90952109628357
2020-02-20,CGY,11858,12625,8,2733265,2020-02-20 13:44:00,2020-02-20 13:45:00,143,0,Thursday,33.898275659968434,34.254811831870654
2020-02-20,KTYM,11858,12625,9,2659533,2020-02-20 14:07:00,2020-02-20 14:10:00,161,0,Thursday,33.17809690799866,41.862827849171936
2020-02-20,VARD,11858,12625,10,2733466,2020-02-20 14:39:00,2020-02-20 14:40:00,185,0,Thursday,34.12563126947781,40.83426599016301
2020-02-20,ERN,11858,12625,11,2659586,2020-02-20 15:40:00,2020-02-20 15:45:00,221,0,Thursday,23.289054748447555,24.415537654407263
2020-02-20,AWY,11858,12625,12,2657810,2020-02-20 16:03:00,2020-02-20 16:05:00,237,0,Thursday,30.754317925373126,31.83448557121049
2020-02-20,TCR,11858,12625,13,2658364,2020-02-20 17:07:00,2020-02-20 17:10:00,292,0,Thursday,30.178996957427948,27.03991050450781
2020-02-20,OTP,11858,12625,14,2733328,2020-02-20 18:04:00,2020-02-20 18:05:00,336,0,Thursday,12.383337340375036,14.684070834861139
2020-02-20,PGT,11858,12625,15,2658283,2020-02-20 18:42:00,2020-02-20 18:45:00,367,0,Thursday,11.790217265865074,13.927838693236552
2020-02-20,CBE,11858,12625,16,2657867,2020-02-20 19:52:00,2020-02-20 19:55:00,423,0,Thursday,19.89348055334993,33.787022436764694
2020-02-20,TUP,11858,12625,17,2657806,2020-02-20 20:48:00,2020-02-20 20:50:00,474,0,Thursday,19.547351829296534,24.597617002102325
2020-02-20,ED,11858,12625,18,2658786,2020-02-20 21:50:00,2020-02-20 21:55:00,524,0,Thursday,10.523106537393126,18.122487117703997
2020-02-20,SA,11858,12625,19,2659084,2020-02-20 22:52:00,2020-02-20 22:55:00,584,0,Thursday,12.189226749276916,21.272736045564503
2020-02-20,JTJ,11858,12625,20,2657662,2020-02-21 00:43:00,2020-02-21 00:45:00,704,1,Thursday,8.856745632723847,20.7492820896699
2020-02-20,KPD,11858,12625,21,2658215,2020-02-21 02:00:00,2020-02-21 02:02:00,789,1,Thursday,4.497857745781211,18.838676576578354
2020-02-20,CTO,11858,12625,22,2658278,2020-02-21 02:39:00,2020-02-21 02:40:00,821,1,Thursday,7.840938824782537,17.060662361813588
2020-02-20,TPTY,11858,12625,23,2659319,2020-02-21 03:48:00,2020-02-21 03:50:00,893,1,Thursday,11.972442382229403,21.710923080291547
2020-02-20,RU,11858,12625,24,2659076,2020-02-21 04:10:00,2020-02-21 04:20:00,903,1,Thursday,10.88852730090695,23.278807539361853
2020-02-20,GDR,11858,12625,25,2657687,2020-02-21 05:43:00,2020-02-21 05:45:00,986,1,Thursday,9.92295179041059,18.150616351580922
2020-02-20,NLR,11858,12625,26,2659518,2020-02-21 06:17:00,2020-02-21 06:18:00,1025,1,Thursday,10.254044703650997,15.06940714891703
2020-02-20,BZA,11858,12625,27,2657824,2020-02-21 10:00:00,2020-02-21 10:10:00,1280,1,Thursday,9.387584764929596,10.272118003219123
2020-02-20,WL,11858,12625,28,2659008,2020-02-21 13:00:00,2020-02-21 13:05:00,1487,1,Thursday,28.74187551779697,24.271009549441587
2020-02-20,RDM,11858,12625,29,2733232,2020-02-21 14:40:00,2020-02-21 14:41:00,1588,1,Thursday,28.255868502080254,21.2655826018246
2020-02-20,BPQ,11858,12625,30,2658211,2020-02-21 16:55:00,2020-02-21 17:00:00,1730,1,Thursday,15.821079144822335,19.160913880097898
2020-02-20,CD,11858,12625,31,2658780,2020-02-21 17:18:00,2020-02-21 17:19:00,1744,1,Thursday,23.687042899915102,17.386904464159628
2020-02-20,SEGM,11858,12625,32,2658373,2020-02-21 19:00:00,2020-02-21 19:01:00,1862,1,Thursday,30.12262467000769,22.50371896987857
2020-02-20,NGP,11858,12625,33,2659359,2020-02-21 20:10:00,2020-02-21 20:15:00,1938,1,Thursday,23.39639737017542,34.56163630658089
2020-02-20,ET,11858,12625,34,2658804,2020-02-22 01:05:00,2020-02-22 01:15:00,2237,2,Thursday,16.713402778806692,18.04478516875055
2020-02-20,BPL,11858,12625,35,2658194,2020-02-22 02:55:00,2020-02-22 03:00:00,2329,2,Thursday,20.805117876159272,24.185934243840922
2020-02-20,BINA,11858,12625,36,2657929,2020-02-22 04:50:00,2020-02-22 04:55:00,2467,2,Thursday,24.443079033473474,13.045159834025817
2020-02-20,JHS,11858,12625,37,2659350,2020-02-22 06:55:00,2020-02-22 07:05:00,2620,2,Thursday,38.79022012352043,30.355371988695346
2020-02-20,GWL,11858,12625,38,2658454,2020-02-22 08:20:00,2020-02-22 08:25:00,2718,2,Thursday,39.54730661541995,17.92632074702814
2020-02-20,AGC,11858,12625,39,2657986,2020-02-22 10:10:00,2020-02-22 10:15:00,2836,2,Thursday,26.492753085317,15.27929456985489
2020-02-20,MTJ,11858,12625,40,2659144,2020-02-22 11:00:00,2020-02-22 11:02:00,2890,2,Thursday,43.732230245788074,25.945619991584906
2020-02-20,FDB,11858,12625,41,2659398,2020-02-22 12:48:00,2020-02-22 12:50:00,3003,2,Thursday,23.31103716038271,19.5366524080269
2020-02-20,NZM,11858,12625,42,2657830,2020-02-22 13:21:00,2020-02-22 13:23:00,3024,2,Thursday,22.83998716006825,12.525587764415942
2020-02-20,NDLS,11858,12625,43,2657756,2020-02-22 13:45:00,,3031,2,Thursday,24.790864528935955,8.611801708306633
2020-02-20,MAS,11889,12656,1,2658933,,2020-02-20 09:35:00,0,0,Thursday,1.2613939049462175,6.354941430258066
2020-02-20,SPE,11889,12656,2,2733244,2020-02-20 10:49:00,2020-02-20 10:50:00,83,0,Thursday,8.849267857857416,16.171123270294963
2020-02-20,GDR,11889,12656,3,2657687,2020-02-20 11:40:00,2020-02-20 11:45:00,138,0,Thursday,7.514771389461718,14.756221395603806
2020-02-20,NLR,11889,12656,4,2659518,2020-02-20 12:19:00,2020-02-20 12:20:00,176,0,Thursday,13.308126602927501,18.0264450155537
2020-02-20,KVZ,11889,12656,5,2658285,2020-02-20 12:49:00,2020-02-20 12:50:00,227,0,Thursday,25.109085193109337,27.18320869797875
2020-02-20,OGL,11889,12656,6,2657808,2020-02-20 13:49:00,2020-02-20 13:50:00,293,0,Thursday,25.409431004850326,22.36641221077817
2020-02-20,CLX,11889,12656,7,2658650,2020-02-20 14:22:00,2020-02-20 14:23:00,342,0,Thursday,30.675595785689,37.90116134949989
2020-02-20,BPP,11889,12656,8,2658210,2020-02-20 14:43:00,2020-02-20 14:44:00,357,0,Thursday,28.611604978128913,35.26237798422013
2020-02-20,TEL,11889,12656,9,2657987,2020-02-20 15:23:00,2020-02-20 15:24:00,400,0,Thursday,23.709004343882164,29.06525458819097
2020-02-20,BZA,11889,12656,10,2657824,2020-02-20 16:30:00,2020-02-20 16:40:00,431,0,Thursday,6.156844001768526,13.921468821184938
2020-02-20,KMT,11889,12656,11,2658066,2020-02-20 17:54:00,2020-02-20 17:56:00,530,0,Thursday,32.5210037998659,34.81715777043985
2020-02-20,MABD,11889,12656,12,2658558,2020-02-20 18:41:00,2020-02-20 18:42:00,578,0,Thursday,28.105899189890888,33.65231795959418
2020-02-20,WL,11889,12656,13,2659008,2020-02-20 20:00:00,2020-02-20 20:05:00,638,0,Thursday,8.665688416954918,13.629274250934422
2020-02-20,MCI,11889,12656,14,2658898,2020-02-20 21:34:00,2020-02-20 21:35:00,753,0,Thursday,23.26740693549055,31.387277998983187
2020-02-20,SKZR,11889,12656,15,2733191,2020-02-20 22:29:00,2020-02-20 22:30:00,811,0,Thursday,15.01047359837576,23.179770675394504
2020-02-20,BPQ,11889,12656,16,2658211,2020-02-21 00:05:00,2020-02-21 00:10:00,881,1,Thursday,2.5873100986206907,15.041680795118662
2020-02-20,CD,11889,12656,17,2658780,2020-02-21 00:28:00,2020-02-21 00:29:00,895,1,Thursday,9.279728273910052,17.483476505377613
2020-02-20,WRR,11889,12656,18,2658633,2020-02-21 01:19:00,2020-02-21 01:20:00,941,1,Thursday,6.326813031560228,13.512434983342043
2020-02-20,HGT,11889,12656,19,2658236,2020-02-21 01:43:00,2020-02-21 01:44:00,980,1,Thursday,16.462531265529382,20.939547745800468
2020-02-20,WR,11889,12656,20,2658999,2020-02-21 02:31:00,2020-02-21 02:34:00,1014,1,Thursday,3.6431534712548483,11.756779551522495
2020-02-20,PLO,11889,12656,21,2658333,2020-02-21 02:59:00,2020-02-21 03:00:00,1043,1,Thursday,8.680843476363012,15.671950178080909
2020-02-20,DMN,11889,12656,22,2659179,2020-02-21 03:14:00,2020-02-21 03:15:00,1063,1,Thursday,10.553692289078931,12.09288708015039
2020-02-20,BD,11889,12656,23,2658859,2020-02-21 04:15:00,2020-02-21 04:20:00,1109,1,Thursday,6.876914091181625,11.770146900347171
2020-02-20,MZR,11889,12656,24,2659323,2020-02-21 04:48:00,2020-02-21 04:50:00,1151,1,Thursday,13.423404090853616,16.67752870431632
2020-02-20,AK,11889,12656,25,2658847,2020-02-21 05:15:00,2020-02-21 05:20:00,1188,1,Thursday,16.353913592132365,21.269995280070578
2020-02-20,SEG,11889,12656,26,2658547,2020-02-21 05:49:00,2020-02-21 05:50:00,1225,1,Thursday,15.720969038836465,22.349172907370065
2020-02-20,NN,11889,12656,27,2658901,2020-02-21 06:09:00,2020-02-21 06:10:00,1250,1,Thursday,23.7375553810502,30.961699958068486
2020-02-20,MKU,11889,12656,28,2659030,2020-02-21 06:29:00,2020-02-21 06:30:00,1277,1,Thursday,26.968600910423,30.86933267317834
2020-02-20,BSL,11889,12656,29,2657664,2020-02-21 07:55:00,2020-02-21 08:00:00,1327,1,Thursday,7.337701926110444,16.015570575997312
2020-02-20,JL,11889,12656,30,2658959,2020-02-21 08:44:00,2020-02-21 08:45:00,1352,1,Thursday,9.92773668581965,11.728196884749249
2020-02-20,DXG,11889,12656,31,2658854,2020-02-21 09:29:00,2020-02-21 09:30:00,1381,1,Thursday,5.063439728862967,13.914765064354093
2020-02-20,AN,11889,12656,32,2658844,2020-02-21 09:53:00,2020-02-21 09:55:00,1406,1,Thursday,6.981263557681995,15.10794322407018
2020-02-20,SNK,11889,12656,33,2734674,2020-02-21 10:35:00,2020-02-21 10:36:00,1448,1,Thursday,6.539116198340338,13.832678761559169
2020-02-20,DDE,11889,12656,34,2658379,2020-02-21 10:53:00,2020-02-21 10:54:00,1467,1,Thursday,6.302411910966512,15.20106986064808
2020-02-20,NDB,11889,12656,35,2659443,2020-02-21 11:30:00,2020-02-21 11:35:00,1502,1,Thursday,6.644644250655777,15.0316218987644
2020-02-20,VYA,11889,12656,36,2659195,2020-02-21 13:09:00,2020-02-21 13:10:00,1601,1,Thursday,5.307670005807729,10.230784298883265
2020-02-20,UDN,11889,12656,37,2657835,2020-02-21 14:09:00,2020-02-21 14:10:00,1658,1,Thursday,4.44185448407395,11.548882343967875
2020-02-20,ST,11889,12656,38,2658997,2020-02-21 14:25:00,2020-02-21 14:35:00,1662,1,Thursday,5.239343339860163,7.0807365475066675
2020-02-20,AKV,11889,12656,39,2658158,2020-02-21 15:10:00,2020-02-21 15:11:00,1712,1,Thursday,14.100319965619473,14.08009163880871
2020-02-20,BRC,11889,12656,40,2657677,2020-02-21 16:21:00,2020-02-21 16:26:00,1792,1,Thursday,13.994788735447933,13.042871184672865
2020-02-20,ANND,11889,12656,41,2659441,2020-02-21 16:57:00,2020-02-21 16:58:00,1828,1,Thursday,23.036991464561503,22.086031479257354
2020-02-20,ND,11889,12656,42,2658907,2020-02-21 17:19:00,2020-02-21 17:20:00,1846,1,Thursday,20.55599911308291,20.596812982696054
2020-02-20,MAN,11889,12656,43,2658935,2020-02-21 18:06:00,2020-02-21 18:07:00,1889,1,Thursday,19.473334509957702,11.653205958513812
2020-02-20,ADI,11889,12656,44,2657971,2020-02-21 18:30:00,,1892,1,Thursday,9.773791803871013,6.048384538869854
2020-02-20,NZM,11953,12722,1,2657830,,2020-02-20 23:00:00,0,0,Thursday,-13.619323794080039,-18.514996189105176
2020-02-20,FDB,11953,12722,2,2659398,2020-02-20 23:17:00,2020-02-20 23:19:00,21,0,Thursday,-9.836175749597004,-12.841285789202082
2020-02-20,BVH,11953,12722,3,2657770,2020-02-20 23:28:00,2020-02-20 23:30:00,29,0,Thursday,-10.768862702593673,-17.645220056867906
2020-02-20,KSV,11953,12722,4,2734622,2020-02-21 00:18:00,2020-02-21 00:20:00,93,1,Thursday,36.92319080711472,50.86217009038755
2020-02-20,MTJ,11953,12722,5,2659144,2020-02-21 00:50:00,2020-02-21 00:55:00,134,1,Thursday,49.46463626828105,60.34804906964125
2020-02-20,AGC,11953,12722,6,2657986,2020-02-21 01:45:00,2020-02-21 01:50:00,188,1,Thursday,48.697354242285485,66.78198255491591
2020-02-20,MRA,11953,12722,7,2659193,2020-02-21 03:12:00,2020-02-21 03:14:00,267,1,Thursday,42.50044851319114,54.533378811325534
2020-02-20,GWL,11953,12722,8,2658454,2020-02-21 03:43:00,2020-02-21 03:48:00,306,1,Thursday,52.71594023039205,59.85479126696221
2020-02-20,DBA,11953,12722,9,2658414,2020-02-21 04:23:00,2020-02-21 04:24:00,348,1,Thursday,48.22324125204737,75.72526376223136
2020-02-20,DAA,11953,12722,10,2658432,2020-02-21 04:50:00,2020-02-21 04:51:00,379,1,Thursday,57.401180849262204,78.88786062207599
2020-02-20,JHS,11953,12722,11,2659350,2020-02-21 05:25:00,2020-02-21 05:35:00,403,1,Thursday,57.651193926834125,76.577029118378
2020-02-20,BAB,11953,12722,12,2657894,2020-02-21 06:00:00,2020-02-21 06:02:00,429,1,Thursday,70.98703613528471,101.44072898856896
2020-02-20,LAR,11953,12722,13,2658398,2020-02-21 06:47:00,2020-02-21 06:49:00,494,1,Thursday,73.58872729493777,91.66986682700035
2020-02-20,BINA,11953,12722,14,2657929,2020-02-21 07:55:00,2020-02-21 08:00:00,557,1,Thursday,77.31252152006142,95.10332094896107
2020-02-20,MABA,11953,12722,15,2658561,2020-02-21 08:18:00,2020-02-21 08:20:00,574,1,Thursday,76.55043291275763,87.73666664025896
2020-02-20,BAQ,11953,12722,16,2657881,2020-02-21 08:40:00,2020-02-21 08:42:00,602,1,Thursday,80.10937656173965,99.22767679699822
2020-02-20,BHS,11953,12722,17,2658012,2020-02-21 09:11:00,2020-02-21 09:13:00,642,1,Thursday,82.42844794490625,92.20558919499288
2020-02-20,BPL,11953,12722,18,2658194,2020-02-21 10:05:00,2020-02-21 10:15:00,695,1,Thursday,83.98878630902894,99.99093745344646
2020-02-20,HBJ,11953,12722,19,2658440,2020-02-21 10:27:00,2020-02-21 10:29:00,702,1,Thursday,94.95326918585837,103.27550630901469
2020-02-20,HBD,11953,12722,20,2658443,2020-02-21 11:34:00,2020-02-21 11:36:00,769,1,Thursday,96.38594922864303,105.60300520279513
2020-02-20,ET,11953,12722,21,2658804,2020-02-21 12:10:00,2020-02-21 12:20:00,787,1,Thursday,83.51365248817514,101.56821071004946
2020-02-20,GDYA,11953,12722,22,2731936,2020-02-21 13:23:00,2020-02-21 13:25:00,858,1,Thursday,92.7161687448301,99.62620365189541
2020-02-20,BZU,11953,12722,23,2657828,2020-02-21 14:12:00,2020-02-21 14:15:00,894,1,Thursday,83.79607031293874,99.09870165515987
2020-02-20,AMLA,11953,12722,24,2657827,2020-02-21 14:41:00,2020-02-21 14:43:00,917,1,Thursday,89.13368829493966,96.19438281697447
2020-02-20,MTY,11953,12722,25,2659139,2020-02-21 14:57:00,2020-02-21 14:59:00,941,1,Thursday,102.38656134281149,98.72825300620522
2020-02-20,PAR,11953,12722,26,2658393,2020-02-21 15:45:00,2020-02-21 15:47:00,981,1,Thursday,94.84090288422047,102.1295514239372
2020-02-20,NRKR,11953,12722,27,2657941,2020-02-21 16:00:00,2020-02-21 16:02:00,999,1,Thursday,105.46895016564714,114.2115361179986
2020-02-20,KATL,11953,12722,28,2658068,2020-02-21 16:22:00,2020-02-21 16:24:00,1025,1,Thursday,110.33403333503543,103.18728710048808
2020-02-20,NGP,11953,12722,29,2659359,2020-02-21 17:40:00,2020-02-21 17:45:00,1086,1,Thursday,85.42189394777029,103.40563898384784
2020-02-20,SNI,11953,12722,30,2658757,2020-02-21 18:19:00,2020-02-21 18:21:00,1132,1,Thursday,119.8010198597657,114.74812983650735
2020-02-20,SEGM,11953,12722,31,2658373,2020-02-21 18:51:00,2020-02-21 18:53:00,1162,1,Thursday,118.18600824026554,123.15767825434288
2020-02-20,HGT,11953,12722,32,2658236,2020-02-21 19:21:00,2020-02-21 19:23:00,1195,1,Thursday,128.1380196956787,111.13039543380503
2020-02-20,WRR,11953,12722,33,2658633,2020-02-21 19:53:00,2020-02-21 19:55:00,1234,1,Thursday,124.10629919160448,108.6354671811912
2020-02-20,BUX,11953,12722,34,2657773,2020-02-21 20:14:00,2020-02-21 20:16:00,1256,1,Thursday,121.19783979161944,108.20114334402236
2020-02-20,CD,11953,12722,35,2658780,2020-02-21 20:45:00,2020-02-21 20:48:00,1280,1,Thursday,114.52706514735672,112.50290012465175
2020-02-20,BPQ,11953,12722,36,2658211,2020-02-21 21:45:00,2020-02-21 21:50:00,1294,1,Thursday,77.140682533133,89.00098480603629
2020-02-20,SKZR,11953,12722,37,2733191,2020-02-21 22:37:00,2020-02-21 22:39:00,1364,1,Thursday,105.85169818945869,96.23799263837832
2020-02-20,BPA,11953,12722,38,2732117,2020-02-21 23:02:00,2020-02-21 23:04:00,1403,1,Thursday,116.27474449586401,99.8905833946022
2020-02-20,MCI,11953,12722,39,2658898,2020-02-21 23:19:00,2020-02-21 23:21:00,1422,1,Thursday,118.61624516135971,112.99952079768211
2020-02-20,RDM,11953,12722,40,2733232,2020-02-21 23:31:00,2020-02-21 23:33:00,1436,1,Thursday,119.06457858403438,113.90741466555349
2020-02-20,PDPL,11953,12722,41,2658956,2020-02-21 23:42:00,2020-02-21 23:44:00,1454,1,Thursday,125.97014804828768,108.37705024240032
2020-02-20,JMKT,11953,12722,42,2658375,2020-02-22 00:12:00,2020-02-22 00:14:00,1493,2,Thursday,95.65113893741753,77.57361511650976
2020-02-20,KZJ,11953,12722,43,2658331,2020-02-22 01:13:00,2020-02-22 01:15:00,1529,2,Thursday,76.21684154488742,71.37021715330405
2020-02-20,ZN,11953,12722,44,2659226,2020-02-22 01:49:00,2020-02-22 01:51:00,1577,2,Thursday,94.0052105703603,60.46271695883772
2020-02-20,BG,11953,12722,45,2658855,2020-02-22 02:19:00,2020-02-22 02:21:00,1614,2,Thursday,100.85925083908464,84.58144215616213
2020-02-20,SC,11953,12722,46,2659082,2020-02-22 03:50:00,2020-02-22 03:55:00,1661,2,Thursday,62.389805596503535,54.27275562888505
2020-02-20,HYB,11953,12722,47,2659066,2020-02-22 04:45:00,,1670,2,Thursday,31.485152281052542,-10.579826711990663
2020-02-20,CSMT,12016,12809,1,10448787,,2020-02-20 20:35:00,0,0,Thursday,5.918190199194051,27.078508289943052
2020-02-20,DR,12016,12809,2,2658794,2020-02-20 20:47:00,2020-02-20 20:50:00,9,0,Thursday,7.2445854468927315,27.64187164070084
2020-02-20,TNA,12016,12809,3,2658206,2020-02-20 21:07:00,2020-02-20 21:10:00,33,0,Thursday,12.04910058081683,32.944661450891196
2020-02-20,KYN,12016,12809,4,2658310,2020-02-20 21:30:00,2020-02-20 21:34:00,52,0,Thursday,9.586684025708262,35.03182282679279
2020-02-20,KSRA,12016,12809,5,2658819,2020-02-20 22:43:00,2020-02-20 22:45:00,119,0,Thursday,16.101372073335067,44.73007724852999
2020-02-20,IGP,12016,12809,6,2658818,2020-02-20 23:20:00,2020-02-20 23:25:00,133,0,Thursday,9.632733123897786,35.92120006184709
2020-02-20,DVL,12016,12809,7,2733304,2020-02-21 00:00:00,2020-02-21 00:02:00,178,1,Thursday,10.645543792714768,18.553790253060015
2020-02-20,NK,12016,12809,8,2658902,2020-02-21 00:07:00,2020-02-21 00:10:00,184,1,Thursday,13.860869858138681,19.90663116986103
2020-02-20,MMR,12016,12809,9,2658996,2020-02-21 01:12:00,2020-02-21 01:15:00,257,1,Thursday,13.035203203120584,20.828022592862393
2020-02-20,CSN,12016,12809,10,2658714,2020-02-21 02:03:00,2020-02-21 02:05:00,324,1,Thursday,15.004567321134196,19.839056226649102
2020-02-20,JL,12016,12809,11,2658959,2020-02-21 03:08:00,2020-02-21 03:10:00,417,1,Thursday,15.400249820565648,25.013914313037453
2020-02-20,BSL,12016,12809,12,2657664,2020-02-21 03:45:00,2020-02-21 03:50:00,441,1,Thursday,12.904998734727876,31.869455840967298
2020-02-20,MKU,12016,12809,13,2659030,2020-02-21 04:46:00,2020-02-21 04:48:00,491,1,Thursday,15.696316462479142,20.785250596433986
2020-02-20,NN,12016,12809,14,2658901,2020-02-21 05:08:00,2020-02-21 05:10:00,519,1,Thursday,16.458113772200868,22.615604345984803
2020-02-20,JM,12016,12809,15,2733461,2020-02-21 05:18:00,2020-02-21 05:20:00,531,1,Thursday,19.998423113022632,29.193628364271895
2020-02-20,SEG,12016,12809,16,2658547,2020-02-21 05:28:00,2020-02-21 05:30:00,543,1,Thursday,17.441637900596067,32.58158334188782
2020-02-20,AK,12016,12809,17,2658847,2020-02-21 06:05:00,2020-02-21 06:10:00,580,1,Thursday,16.80270161209755,24.003999053998
2020-02-20,MZR,12016,12809,18,2659323,2020-02-21 06:38:00,2020-02-21 06:40:00,617,1,Thursday,17.275395083735532,26.424768905929863
2020-02-20,BD,12016,12809,19,2658859,2020-02-21 07:40:00,2020-02-21 07:45:00,659,1,Thursday,8.528099254555585,17.720408745548195
2020-02-20,DMN,12016,12809,20,2659179,2020-02-21 08:20:00,2020-02-21 08:22:00,705,1,Thursday,11.421807301824135,22.085765091099613
2020-02-20,PLO,12016,12809,21,2658333,2020-02-21 08:37:00,2020-02-21 08:39:00,725,1,Thursday,13.529215933914067,22.769821344882587
2020-02-20,WR,12016,12809,22,2658999,2020-02-21 09:19:00,2020-02-21 09:22:00,754,1,Thursday,5.028539918068745,13.477816258186131
2020-02-20,NGP,12016,12809,23,2659359,2020-02-21 11:05:00,2020-02-21 11:15:00,833,1,Thursday,-1.8407163205423487,16.535590379599764
2020-02-20,BRD,12016,12809,24,2657678,2020-02-21 12:04:00,2020-02-21 12:06:00,895,1,Thursday,18.229621540908624,23.40174542345425
2020-02-20,TMR,12016,12809,25,2658198,2020-02-21 12:21:00,2020-02-21 12:23:00,913,1,Thursday,17.614333576171862,26.010837410861477
2020-02-20,G,12016,12809,26,2657710,2020-02-21 13:08:00,2020-02-21 13:13:00,963,1,Thursday,14.822565156495202,24.157508100475745
2020-02-20,DGG,12016,12809,27,2659067,2020-02-21 14:10:00,2020-02-21 14:11:00,1036,1,Thursday,22.849643387278395,27.476779680862315
2020-02-20,RJN,12016,12809,28,2731879,2020-02-21 14:35:00,2020-02-21 14:37:00,1067,1,Thursday,23.240496712997864,29.80934646277645
2020-02-20,DURG,12016,12809,29,2658190,2020-02-21 15:20:00,2020-02-21 15:25:00,1098,1,Thursday,23.013463004223865,29.08193792578848
2020-02-20,R,12016,12809,30,2657733,2020-02-21 16:00:00,2020-02-21 16:10:00,1135,1,Thursday,23.083656165000985,24.63038827649141
2020-02-20,BYT,12016,12809,31,2657782,2020-02-21 16:58:00,2020-02-21 17:00:00,1199,1,Thursday,24.717284835906817,30.24616781252714
2020-02-20,BSP,12016,12809,32,2657660,2020-02-21 17:55:00,2020-02-21 18:10:00,1246,1,Thursday,22.553093430534517,24.28878771455863
2020-02-20,CPH,12016,12809,33,2658737,2020-02-21 18:57:00,2020-02-21 18:59:00,1298,1,Thursday,23.443728711625266,32.01619010796676
2020-02-20,SKT,12016,12809,34,2658693,2020-02-21 19:22:00,2020-02-21 19:24:00,1329,1,Thursday,22.958605122254276,30.02066531173302
2020-02-20,KHS,12016,12809,35,2657988,2020-02-21 19:37:00,2020-02-21 19:39:00,1344,1,Thursday,27.12811734506895,32.16560460577686
2020-02-20,RIG,12016,12809,36,2659306,2020-02-21 20:05:00,2020-02-21 20:10:00,1378,1,Thursday,28.021415382426827,29.363263613419768
2020-02-20,BRJN,12016,12809,37,2731892,2020-02-21 20:55:00,2020-02-21 20:57:00,1438,1,Thursday,31.918012374380446,37.12131048340104
2020-02-20,JSG,12016,12809,38,2657722,2020-02-21 21:35:00,2020-02-21 21:40:00,1450,1,Thursday,26.301011848017538,35.818590322988165
2020-02-20,ROU,12016,12809,39,2731973,2020-02-21 22:58:00,2020-02-21 23:08:00,1551,1,Thursday,30.15644261424707,32.17156259957393
2020-02-20,CKP,12016,12809,40,2658634,2020-02-22 00:30:00,2020-02-22 00:37:00,1652,2,Thursday,41.337436196650835,63.93670891438511
2020-02-20,TATA,12016,12809,41,2658105,2020-02-22 01:32:00,2020-02-22 01:42:00,1714,2,Thursday,39.8737287550718,60.62154492925819
2020-02-20,KGP,12016,12809,42,2658007,2020-02-22 03:35:00,2020-02-22 03:40:00,1848,2,Thursday,51.519768134618374,71.1561214222846
2020-02-20,SRC,12016,12809,43,2658653,2020-02-22 05:06:00,2020-02-22 05:08:00,1955,2,Thursday,53.40011852825701,61.53288738151784
2020-02-20,HWH,12016,12809,44,2659041,2020-02-22 05:50:00,,1963,2,Thursday,37.67637674889591,29.3094662440488
2020-02-20,ADI,12038,12833,1,2657971,,2020-02-20 00:15:00,0,0,Thursday,-2.2617553704183067,29.513374142968708
2020-02-20,MAN,12038,12833,2,2658935,2020-02-20 00:24:00,2020-02-20 00:26:00,3,0,Thursday,2.617558537409508,28.63191976170852
2020-02-20,ND,12038,12833,3,2658907,2020-02-20 01:04:00,2020-02-20 01:06:00,46,0,Thursday,2.783756467527411,27.660962805811025
2020-02-20,ANND,12038,12833,4,2659441,2020-02-20 01:24:00,2020-02-20 01:26:00,65,0,Thursday,2.7150117102198834,33.64948213051581
2020-02-20,BRC,12038,12833,5,2657677,2020-02-20 02:17:00,2020-02-20 02:24:00,100,0,Thursday,1.4656254925405676,27.677257541245876
2020-02-20,BH,12038,12833,6,2658856,2020-02-20 03:12:00,2020-02-20 03:14:00,171,0,Thursday,9.467160272410961,36.278586387462994
2020-02-20,ST,12038,12833,7,2658997,2020-02-20 04:15:00,2020-02-20 04:20:00,230,0,Thursday,3.2423075656775495,33.262676283457274
2020-02-20,UDN,12038,12833,8,2657835,2020-02-20 04:32:00,2020-02-20 04:34:00,234,0,Thursday,7.038305492089698,37.54884925070053
2020-02-20,BIY,12038,12833,9,2658044,2020-02-20 04:59:00,2020-02-20 05:01:00,261,0,Thursday,12.45081717420307,42.0005046058545
2020-02-20,MID,12038,12833,10,2659049,2020-02-20 05:18:00,2020-02-20 05:20:00,276,0,Thursday,11.446781916245502,40.85482005537982
2020-02-20,VYA,12038,12833,11,2659195,2020-02-20 05:38:00,2020-02-20 05:40:00,291,0,Thursday,7.348692771773877,35.03597719247021
2020-02-20,NWU,12038,12833,12,2659560,2020-02-20 06:17:00,2020-02-20 06:22:00,333,0,Thursday,5.313381821022823,32.11812041621778
2020-02-20,NDB,12038,12833,13,2659443,2020-02-20 07:20:00,2020-02-20 07:25:00,391,0,Thursday,4.024397757438152,39.09662970044833
2020-02-20,DDE,12038,12833,14,2658379,2020-02-20 08:05:00,2020-02-20 08:07:00,425,0,Thursday,4.312820150031612,34.29136474121698
2020-02-20,SNK,12038,12833,15,2734674,2020-02-20 08:30:00,2020-02-20 08:31:00,444,0,Thursday,2.5597594060787827,36.07399598090405
2020-02-20,AN,12038,12833,16,2658844,2020-02-20 09:14:00,2020-02-20 09:17:00,486,0,Thursday,1.7060632287534787,41.88592922297462
2020-02-20,DXG,12038,12833,17,2658854,2020-02-20 09:44:00,2020-02-20 09:46:00,511,0,Thursday,6.108657223989034,46.442817218867084
2020-02-20,JL,12038,12833,18,2658959,2020-02-20 10:35:00,2020-02-20 10:40:00,541,0,Thursday,0.269368181462319,56.87235382708432
2020-02-20,BSL,12038,12833,19,2657664,2020-02-20 11:05:00,2020-02-20 11:10:00,565,0,Thursday,15.745118642452798,53.31801080006676
2020-02-20,MKU,12038,12833,20,2659030,2020-02-20 11:53:00,2020-02-20 11:55:00,615,0,Thursday,24.253469971190974,65.09478387209742
2020-02-20,NN,12038,12833,21,2658901,2020-02-20 12:18:00,2020-02-20 12:20:00,643,0,Thursday,32.204862595754946,76.18572867044705
2020-02-20,JM,12038,12833,22,2733461,2020-02-20 12:28:00,2020-02-20 12:30:00,655,0,Thursday,27.315732553938588,78.21436576476448
2020-02-20,SEG,12038,12833,23,2658547,2020-02-20 12:48:00,2020-02-20 12:50:00,667,0,Thursday,33.06069312945217,72.24706255641232
2020-02-20,AK,12038,12833,24,2658847,2020-02-20 13:25:00,2020-02-20 13:30:00,704,0,Thursday,23.87301356893802,75.03237407765442
2020-02-20,MZR,12038,12833,25,2659323,2020-02-20 13:58:00,2020-02-20 14:00:00,741,0,Thursday,32.18554577657502,77.81640893230391
2020-02-20,BD,12038,12833,26,2658859,2020-02-20 14:50:00,2020-02-20 14:55:00,783,0,Thursday,29.98271048139135,75.59580244541417
2020-02-20,CND,12038,12833,27,2658592,2020-02-20 15:15:00,2020-02-20 15:17:00,812,0,Thursday,32.650130203872486,77.34999052532379
2020-02-20,DMN,12038,12833,28,2659179,2020-02-20 15:30:00,2020-02-20 15:32:00,829,0,Thursday,30.746912950086177,67.28330870004568
2020-02-20,PLO,12038,12833,29,2658333,2020-02-20 15:47:00,2020-02-20 15:49:00,849,0,Thursday,32.89402423223253,72.83647966895914
2020-02-20,WR,12038,12833,30,2658999,2020-02-20 16:15:00,2020-02-20 16:18:00,878,0,Thursday,29.289717022352903,70.47362191053399
2020-02-20,AJNI,12038,12833,31,2659433,2020-02-20 17:19:00,2020-02-20 17:21:00,954,0,Thursday,29.57219241482231,74.55449677315966
2020-02-20,NGP,12038,12833,32,2659359,2020-02-20 17:45:00,2020-02-20 17:50:00,957,0,Thursday,29.340159810268723,70.89680350318446
2020-02-20,KP,12038,12833,33,2658871,2020-02-20 18:15:00,2020-02-20 18:17:00,971,0,Thursday,33.99093474041262,80.24881720628292
2020-02-20,BRD,12038,12833,34,2657678,2020-02-20 18:50:00,2020-02-20 18:52:00,1019,0,Thursday,27.752986233774827,74.98079724484647
2020-02-20,TMR,12038,12833,35,2658198,2020-02-20 19:07:00,2020-02-20 19:09:00,1037,0,Thursday,29.298666756533883,74.46269769156874
2020-02-20,TRO,12038,12833,36,2733503,2020-02-20 19:25:00,2020-02-20 19:27:00,1057,0,Thursday,31.51202362713842,86.82485080252138
2020-02-20,G,12038,12833,37,2657710,2020-02-20 19:58:00,2020-02-20 20:00:00,1087,0,Thursday,24.80609354212381,74.30606553896416
2020-02-20,AGN,12038,12833,38,2658051,2020-02-20 20:15:00,2020-02-20 20:17:00,1109,0,Thursday,40.571182994179814,90.8949062752271
2020-02-20,DGG,12038,12833,39,2659067,2020-02-20 21:01:00,2020-02-20 21:03:00,1160,0,Thursday,36.66559842622703,82.99349445873194
2020-02-20,RJN,12038,12833,40,2731879,2020-02-20 21:27:00,2020-02-20 21:29:00,1191,0,Thursday,37.128898747161216,85.22443872943882
2020-02-20,DURG,12038,12833,41,2658190,2020-02-20 22:10:00,2020-02-20 22:15:00,1222,0,Thursday,31.703410043967622,69.35814684012333
2020-02-20,BPHB,12038,12833,42,2658892,2020-02-20 22:24:00,2020-02-20 22:26:00,1231,0,Thursday,34.402824849824675,74.70769924429989
2020-02-20,R,12038,12833,43,2657733,2020-02-20 22:55:00,2020-02-20 23:05:00,1259,0,Thursday,32.88624078362805,63.32379354431814
2020-02-20,TLD,12038,12833,44,2657916,2020-02-20 23:36:00,2020-02-20 23:38:00,1297,0,Thursday,36.23421505676742,74.38219124090088
2020-02-20,BYT,12038,12833,45,2657782,2020-02-21 00:01:00,2020-02-21 00:03:00,1323,1,Thursday,43.66972510431424,61.51285652143686
2020-02-20,BSP,12038,12833,46,2657660,2020-02-21 00:55:00,2020-02-21 01:10:00,1370,1,Thursday,42.85343477917108,43.41322707315709
2020-02-20,AKT,12038,12833,47,2658155,2020-02-21 01:32:00,2020-02-21 01:34:00,1396,1,Thursday,42.4100319305623,58.57369344888481
2020-02-20,NIA,12038,12833,48,2659501,2020-02-21 01:47:00,2020-02-21 01:49:00,1411,1,Thursday,44.613861111437934,56.625354399566035
2020-02-20,CPH,12038,12833,49,2658737,2020-02-21 02:01:00,2020-02-21 02:04:00,1422,1,Thursday,45.11774073830985,57.716093759620406
2020-02-20,BUA,12038,12833,50,2731863,2020-02-21 02:17:00,2020-02-21 02:19:00,1438,1,Thursday,51.859280781657866,69.85605340715311
2020-02-20,KHS,12038,12833,51,2657988,2020-02-21 02:39:00,2020-02-21 02:41:00,1468,1,Thursday,59.22210909192227,77.1683846764315
2020-02-20,RIG,12038,12833,52,2659306,2020-02-21 03:06:00,2020-02-21 03:11:00,1502,1,Thursday,65.74045391687554,83.33573431193253
2020-02-20,BPH,12038,12833,53,2731890,2020-02-21 03:45:00,2020-02-21 03:47:00,1553,1,Thursday,62.980410681794325,80.18402341097257
2020-02-20,BRJN,12038,12833,54,2731892,2020-02-21 03:56:00,2020-02-21 03:58:00,1562,1,Thursday,59.175679671772734,78.83174175313957
2020-02-20,JSG,12038,12833,55,2657722,2020-02-21 05:00:00,2020-02-21 05:02:00,1574,1,Thursday,43.92787297886592,53.264219468575895
2020-02-20,BMB,12038,12833,56,2731889,2020-02-21 05:32:00,2020-02-21 05:33:00,1610,1,Thursday,43.23656095013224,52.1932476704267
2020-02-20,GP,12038,12833,57,2734238,2020-02-21 06:02:00,2020-02-21 06:03:00,1645,1,Thursday,47.126185568206225,55.184641049281055
2020-02-20,ROU,12038,12833,58,2731973,2020-02-21 06:31:00,2020-02-21 06:46:00,1675,1,Thursday,53.79586770890999,63.47032265465346
2020-02-20,CKP,12038,12833,59,2658634,2020-02-21 08:07:00,2020-02-21 08:14:00,1776,1,Thursday,60.99794713973676,66.30606313407469
2020-02-20,TATA,12038,12833,60,2658105,2020-02-21 09:15:00,2020-02-21 09:25:00,1838,1,Thursday,57.452411011062495,59.642752659945415
2020-02-20,KGP,12038,12833,61,2658007,2020-02-21 11:18:00,2020-02-21 11:23:00,1971,1,Thursday,71.38119042622844,75.5630385307069
2020-02-20,SRC,12038,12833,62,2658653,2020-02-21 12:46:00,2020-02-21 12:48:00,2079,1,Thursday,73.93929334569407,85.97038468889691
2020-02-20,HWH,12038,12833,63,2659041,2020-02-21 13:30:00,,2086,1,Thursday,48.54687130034137,7.064455736778264
2020-02-19,HWH,12039,12834,1,2659041,,2020-02-19 23:55:00,0,0,Wednesday,-5.623844078986842,-6.702242255197497
2020-02-19,MCA,12039,12834,2,2734395,2020-02-20 00:50:00,2020-02-20 00:51:00,58,1,Wednesday,2.665539151918253,13.591082670879615
2020-02-19,PKU,12039,12834,3,2658352,2020-02-20 01:09:00,2020-02-20 01:10:00,71,1,Wednesday,2.3733435029775336,4.113794056259053
2020-02-19,KGP,12039,12834,4,2658007,2020-02-20 02:00:00,2020-02-20 02:05:00,115,1,Wednesday,1.0877207923250225,9.312544918701917
2020-02-19,TATA,12039,12834,5,2658105,2020-02-20 03:53:00,2020-02-20 03:58:00,249,1,Wednesday,-2.326347070386319,-3.8185192068145497
2020-02-19,CKP,12039,12834,6,2658634,2020-02-20 04:48:00,2020-02-20 04:55:00,311,1,Wednesday,7.932693852544869,10.006651285657334
2020-02-19,ROU,12039,12834,7,2731973,2020-02-20 06:20:00,2020-02-20 06:35:00,412,1,Wednesday,13.727401242076898,20.862134947752086
2020-02-19,GP,12039,12834,8,2734238,2020-02-20 07:03:00,2020-02-20 07:04:00,442,1,Wednesday,10.231047672921726,21.687308379664067
2020-02-19,BMB,12039,12834,9,2731889,2020-02-20 07:33:00,2020-02-20 07:34:00,477,1,Wednesday,9.000140416106404,18.387422204510955
2020-02-19,JSG,12039,12834,10,2657722,2020-02-20 08:15:00,2020-02-20 08:17:00,513,1,Wednesday,7.111372395664777,24.69219819347916
2020-02-19,BRJN,12039,12834,11,2731892,2020-02-20 08:25:00,2020-02-20 08:27:00,525,1,Wednesday,28.457464998508236,42.40000513621831
2020-02-19,BPH,12039,12834,12,2731890,2020-02-20 08:36:00,2020-02-20 08:38:00,534,1,Wednesday,27.165660750566868,50.89697841932687
2020-02-19,RIG,12039,12834,13,2659306,2020-02-20 09:15:00,2020-02-20 09:20:00,585,1,Wednesday,46.02231904057882,57.75713859833532
2020-02-19,KHS,12039,12834,14,2657988,2020-02-20 09:43:00,2020-02-20 09:45:00,619,1,Wednesday,49.54398916474454,71.70904705797244
2020-02-19,BUA,12039,12834,15,2731863,2020-02-20 10:07:00,2020-02-20 10:09:00,649,1,Wednesday,58.38805193414382,83.09619890896235
2020-02-19,CPH,12039,12834,16,2658737,2020-02-20 10:25:00,2020-02-20 10:30:00,664,1,Wednesday,58.88992557179097,77.06078308517604
2020-02-19,NIA,12039,12834,17,2659501,2020-02-20 10:39:00,2020-02-20 10:41:00,675,1,Wednesday,64.17866026341969,75.8239064166934
2020-02-19,AKT,12039,12834,18,2658155,2020-02-20 10:53:00,2020-02-20 10:55:00,690,1,Wednesday,62.04871216098067,78.6742380885176
2020-02-19,BSP,12039,12834,19,2657660,2020-02-20 11:40:00,2020-02-20 11:55:00,717,1,Wednesday,46.2835205143843,61.18225696289066
2020-02-19,BYT,12039,12834,20,2657782,2020-02-20 12:33:00,2020-02-20 12:35:00,764,1,Wednesday,57.83463622899977,68.42921806824342
2020-02-19,TLD,12039,12834,21,2657916,2020-02-20 12:54:00,2020-02-20 12:56:00,790,1,Wednesday,58.39577404564061,74.52080037877002
2020-02-19,R,12039,12834,22,2657733,2020-02-20 13:35:00,2020-02-20 13:45:00,828,1,Wednesday,54.259974464238276,66.45564587499051
2020-02-19,BPHB,12039,12834,23,2658892,2020-02-20 14:09:00,2020-02-20 14:11:00,856,1,Wednesday,59.7319381297909,74.0120996926421
2020-02-19,DURG,12039,12834,24,2658190,2020-02-20 14:35:00,2020-02-20 14:40:00,865,1,Wednesday,57.56870338584072,58.35878485230867
2020-02-19,RJN,12039,12834,25,2731879,2020-02-20 15:02:00,2020-02-20 15:04:00,895,1,Wednesday,70.94512816973985,82.71601160759491
2020-02-19,DGG,12039,12834,26,2659067,2020-02-20 15:26:00,2020-02-20 15:28:00,927,1,Wednesday,76.5530418841893,88.4662250849891
2020-02-19,AGN,12039,12834,27,2658051,2020-02-20 16:11:00,2020-02-20 16:13:00,977,1,Wednesday,74.45893157109776,97.52071580240732
2020-02-19,G,12039,12834,28,2657710,2020-02-20 16:41:00,2020-02-20 16:46:00,1000,1,Wednesday,67.96639772311586,74.23504780618254
2020-02-19,TRO,12039,12834,29,2733503,2020-02-20 17:06:00,2020-02-20 17:08:00,1029,1,Wednesday,76.19974123871503,89.37402644740942
2020-02-19,TMR,12039,12834,30,2658198,2020-02-20 17:25:00,2020-02-20 17:27:00,1049,1,Wednesday,72.15984840369521,86.27627284177763
2020-02-19,BRD,12039,12834,31,2657678,2020-02-20 17:42:00,2020-02-20 17:44:00,1068,1,Wednesday,75.57148483739226,87.36772994670179
2020-02-19,KP,12039,12834,32,2658871,2020-02-20 18:18:00,2020-02-20 18:20:00,1115,1,Wednesday,83.41442375515666,86.5123217082533
2020-02-19,NGP,12039,12834,33,2659359,2020-02-20 19:00:00,2020-02-20 19:05:00,1129,1,Wednesday,69.79494928015535,89.17418988358116
2020-02-19,AJNI,12039,12834,34,2659433,2020-02-20 19:14:00,2020-02-20 19:15:00,1132,1,Wednesday,89.25886434297426,92.85891942862594
2020-02-19,WR,12039,12834,35,2658999,2020-02-20 20:24:00,2020-02-20 20:27:00,1208,1,Wednesday,87.78171117107297,97.16888254521047
2020-02-19,PLO,12039,12834,36,2658333,2020-02-20 20:49:00,2020-02-20 20:50:00,1238,1,Wednesday,91.80816563446913,102.43511697355899
2020-02-19,DMN,12039,12834,37,2659179,2020-02-20 21:08:00,2020-02-20 21:09:00,1258,1,Wednesday,92.94296595942258,109.64829802397502
2020-02-19,CND,12039,12834,38,2658592,2020-02-20 21:24:00,2020-02-20 21:25:00,1274,1,Wednesday,89.44697063316671,106.68420028971197
2020-02-19,BD,12039,12834,39,2658859,2020-02-20 22:05:00,2020-02-20 22:10:00,1303,1,Wednesday,80.1535227002231,81.0608703581805
2020-02-19,MZR,12039,12834,40,2659323,2020-02-20 22:40:00,2020-02-20 22:42:00,1345,1,Wednesday,85.19400532637485,88.97850811621663
2020-02-19,AK,12039,12834,41,2658847,2020-02-20 23:15:00,2020-02-20 23:20:00,1382,1,Wednesday,82.8120315703394,80.14622157030342
2020-02-19,SEG,12039,12834,42,2658547,2020-02-20 23:44:00,2020-02-20 23:45:00,1419,1,Wednesday,90.11272338511341,104.25144502290077
2020-02-19,JM,12039,12834,43,2733461,2020-02-20 23:57:00,2020-02-20 23:58:00,1432,1,Wednesday,89.26327234511763,107.78220254684133
2020-02-19,NN,12039,12834,44,2658901,2020-02-21 00:08:00,2020-02-21 00:10:00,1444,2,Wednesday,99.34895429607957,113.99625026821846
2020-02-19,MKU,12039,12834,45,2659030,2020-02-21 00:33:00,2020-02-21 00:35:00,1472,2,Wednesday,100.23122589065767,115.19085215949221
2020-02-19,BSL,12039,12834,46,2657664,2020-02-21 01:40:00,2020-02-21 01:45:00,1522,2,Wednesday,86.87386775950881,112.37653564108115
2020-02-19,JL,12039,12834,47,2658959,2020-02-21 02:22:00,2020-02-21 02:25:00,1546,2,Wednesday,85.09512212948059,112.36627652434123
2020-02-19,DXG,12039,12834,48,2658854,2020-02-21 03:12:00,2020-02-21 03:14:00,1576,2,Wednesday,71.23093748914356,83.44270545424848
2020-02-19,AN,12039,12834,49,2658844,2020-02-21 03:39:00,2020-02-21 03:42:00,1601,2,Wednesday,68.26326716509975,78.09388153095091
2020-02-19,SNK,12039,12834,50,2734674,2020-02-21 04:18:00,2020-02-21 04:19:00,1642,2,Wednesday,60.54211130776683,70.350391156869
2020-02-19,DDE,12039,12834,51,2658379,2020-02-21 04:38:00,2020-02-21 04:41:00,1662,2,Wednesday,58.291913578994055,72.12060689290837
2020-02-19,NDB,12039,12834,52,2659443,2020-02-21 05:12:00,2020-02-21 05:22:00,1696,2,Wednesday,56.09251752042859,67.84008967414523
2020-02-19,NWU,12039,12834,53,2659560,2020-02-21 06:23:00,2020-02-21 06:28:00,1754,2,Wednesday,20.853862563313097,42.23651739877777
2020-02-19,VYA,12039,12834,54,2659195,2020-02-21 07:10:00,2020-02-21 07:12:00,1796,2,Wednesday,9.625395569030776,27.106891301525884
2020-02-19,MID,12039,12834,55,2659049,2020-02-21 07:27:00,2020-02-21 07:29:00,1811,2,Wednesday,16.438114963366417,29.505734688170605
2020-02-19,BIY,12039,12834,56,2658044,2020-02-21 07:46:00,2020-02-21 07:48:00,1826,2,Wednesday,24.304187867522824,31.744504843727942
2020-02-19,UDN,12039,12834,57,2657835,2020-02-21 08:40:00,2020-02-21 08:42:00,1853,2,Wednesday,3.973744267954295,33.132963928056654
2020-02-19,ST,12039,12834,58,2658997,2020-02-21 08:57:00,2020-02-21 09:02:00,1857,2,Wednesday,7.899408608389397,26.56765765629419
2020-02-19,BH,12039,12834,59,2658856,2020-02-21 09:54:00,2020-02-21 09:56:00,1916,2,Wednesday,7.2570708385410185,24.229312023030374
2020-02-19,BRC,12039,12834,60,2657677,2020-02-21 10:58:00,2020-02-21 11:03:00,1986,2,Wednesday,11.51164027955934,26.691229906049657
2020-02-19,ANND,12039,12834,61,2659441,2020-02-21 11:43:00,2020-02-21 11:44:00,2022,2,Wednesday,15.144518907694533,45.31627824934392
2020-02-19,ND,12039,12834,62,2658907,2020-02-21 12:10:00,2020-02-21 12:11:00,2041,2,Wednesday,14.643806234588205,31.09586302008391
2020-02-19,MAN,12039,12834,63,2658935,2020-02-21 13:02:00,2020-02-21 13:04:00,2083,2,Wednesday,1.7839233836381752,18.544804060888566
2020-02-19,ADI,12039,12834,64,2657971,2020-02-21 13:25:00,,2086,2,Wednesday,-0.26059409924688737,3.6946597593263775
2020-02-20,MAS,12045,12840,1,2658933,,2020-02-20 23:45:00,0,0,Thursday,8.101042114775826,10.457974965793937
2020-02-20,GDR,12045,12840,2,2657687,2020-02-21 01:50:00,2020-02-21 01:52:00,138,1,Thursday,13.584877233501889,7.589845913692049
2020-02-20,NLR,12045,12840,3,2659518,2020-02-21 02:19:00,2020-02-21 02:20:00,176,1,Thursday,14.087573215292299,15.201072130499249
2020-02-20,OGL,12045,12840,4,2657808,2020-02-21 03:44:00,2020-02-21 03:45:00,293,1,Thursday,22.242995667747515,19.564466372616952
2020-02-20,CLX,12045,12840,5,2658650,2020-02-21 04:30:00,2020-02-21 04:31:00,342,1,Thursday,25.50550991226286,11.370407177819196
2020-02-20,BPP,12045,12840,6,2658210,2020-02-21 04:43:00,2020-02-21 04:44:00,357,1,Thursday,30.29362398496368,24.250147294373754
2020-02-20,TEL,12045,12840,7,2657987,2020-02-21 05:24:00,2020-02-21 05:25:00,400,1,Thursday,24.281624245181117,23.38288369246648
2020-02-20,BZA,12045,12840,8,2657824,2020-02-21 06:15:00,2020-02-21 06:25:00,431,1,Thursday,10.213591047267393,10.072107256603221
2020-02-20,EE,12045,12840,9,2658788,2020-02-21 07:14:00,2020-02-21 07:15:00,491,1,Thursday,43.622699308960755,43.514933135156014
2020-02-20,TDD,12045,12840,10,2733243,2020-02-21 07:49:00,2020-02-21 07:50:00,539,1,Thursday,50.547300450748104,54.09796245652708
2020-02-20,NDD,12045,12840,11,2659442,2020-02-21 08:12:00,2020-02-21 08:13:00,558,1,Thursday,43.9796256840085,49.04843606080686
2020-02-20,RJY,12045,12840,12,2659334,2020-02-21 09:05:00,2020-02-21 09:10:00,581,1,Thursday,24.969165291077918,30.003937759489943
2020-02-20,SLO,12045,12840,13,2733235,2020-02-21 09:52:00,2020-02-21 09:53:00,631,1,Thursday,38.11400164811213,33.17904406673287
2020-02-20,ANV,12045,12840,14,2658181,2020-02-21 10:19:00,2020-02-21 10:20:00,668,1,Thursday,41.942767832920474,38.13387313688234
2020-02-20,TUNI,12045,12840,15,2658073,2020-02-21 10:35:00,2020-02-21 10:36:00,685,1,Thursday,44.57753503460833,40.60385674482246
2020-02-20,AKP,12045,12840,16,2658159,2020-02-21 11:21:00,2020-02-21 11:22:00,748,1,Thursday,44.92034277304782,43.66080851576479
2020-02-20,VSKP,12045,12840,17,2659490,2020-02-21 13:00:00,2020-02-21 13:20:00,782,1,Thursday,21.88307091166961,5.331913730601997
2020-02-20,VZM,12045,12840,18,2658799,2020-02-21 14:15:00,2020-02-21 14:20:00,843,1,Thursday,27.44377338767852,19.909882806357377
2020-02-20,CPP,12045,12840,19,2732120,2020-02-21 14:48:00,2020-02-21 14:49:00,873,1,Thursday,26.31355680520946,17.02250404198481
2020-02-20,CHE,12045,12840,20,2658551,2020-02-21 15:21:00,2020-02-21 15:23:00,912,1,Thursday,28.30429146653652,18.79656815064073
2020-02-20,NWP,12045,12840,21,2659553,2020-02-21 15:59:00,2020-02-21 16:00:00,959,1,Thursday,24.707314645742187,14.598437419278245
2020-02-20,PSA,12045,12840,22,2658700,2020-02-21 16:30:00,2020-02-21 16:32:00,985,1,Thursday,32.79833131875651,13.581099020060943
2020-02-20,SPT,12045,12840,23,2658622,2020-02-21 17:00:00,2020-02-21 17:01:00,1017,1,Thursday,30.453064962228176,8.582862888972208
2020-02-20,IPM,12045,12840,24,2659593,2020-02-21 17:16:00,2020-02-21 17:17:00,1035,1,Thursday,34.054755400139435,14.627593452839402
2020-02-20,BAM,12045,12840,25,2657899,2020-02-21 17:45:00,2020-02-21 17:50:00,1060,1,Thursday,32.35553257952562,15.242462752791297
2020-02-20,CAP,12045,12840,26,2731893,2020-02-21 18:04:00,2020-02-21 18:05:00,1081,1,Thursday,38.79343596268471,16.822254851056368
2020-02-20,BALU,12045,12840,27,2659423,2020-02-21 18:56:00,2020-02-21 18:57:00,1136,1,Thursday,36.77840680841793,14.888873424648157
2020-02-20,KUR,12045,12840,28,2734207,2020-02-21 20:05:00,2020-02-21 20:25:00,1207,1,Thursday,36.5097511930902,18.414889408511627
2020-02-20,BBS,12045,12840,29,2657903,2020-02-21 20:53:00,2020-02-21 20:58:00,1226,1,Thursday,45.29627781161886,28.942284225759664
2020-02-20,CTC,12045,12840,30,2658279,2020-02-21 21:33:00,2020-02-21 21:38:00,1253,1,Thursday,42.45763984290065,26.52378275274693
2020-02-20,JJKR,12045,12840,31,2658916,2020-02-21 22:36:00,2020-02-21 22:37:00,1326,1,Thursday,39.2267401440078,25.12045477540567
2020-02-20,BHC,12045,12840,32,2657983,2020-02-21 23:17:00,2020-02-21 23:19:00,1369,1,Thursday,41.36712319594988,16.84394291653864
2020-02-20,BLS,12045,12840,33,2658113,2020-02-22 00:05:00,2020-02-22 00:10:00,1432,2,Thursday,83.61254125884416,59.765399419643884
2020-02-20,KGP,12045,12840,34,2658007,2020-02-22 01:43:00,2020-02-22 01:48:00,1548,2,Thursday,59.17591247636079,44.477765124621904
2020-02-20,SRC,12045,12840,35,2658653,2020-02-22 03:13:00,2020-02-22 03:14:00,1655,2,Thursday,87.4583605839394,63.223455865725505
2020-02-20,HWH,12045,12840,36,2659041,2020-02-22 04:00:00,,1663,2,Thursday,45.725858537242694,14.859747465858288
2020-02-20,BDTS,12117,12925,1,2658361,,2020-02-20 12:00:00,0,0,Thursday,13.304820419202734,29.530235126015647
2020-02-20,ADH,12117,12925,2,2657970,2020-02-20 12:14:00,2020-02-20 12:17:00,6,0,Thursday,22.116060484224604,33.21360653647785
2020-02-20,BVI,12117,12925,3,2657766,2020-02-20 12:34:00,2020-02-20 12:37:00,18,0,Thursday,20.915859261714115,35.53208789123804
2020-02-20,DRD,12117,12925,4,2659110,2020-02-20 13:50:00,2020-02-20 13:52:00,108,0,Thursday,22.68332594480713,39.09869291868114
2020-02-20,VAPI,12117,12925,5,2658429,2020-02-20 14:20:00,2020-02-20 14:25:00,156,0,Thursday,24.129298142062805,43.83129708690362
2020-02-20,BL,12117,12925,6,2658862,2020-02-20 14:51:00,2020-02-20 14:53:00,183,0,Thursday,32.847589131892704,53.60553369902862
2020-02-20,NVS,12117,12925,7,2659534,2020-02-20 15:31:00,2020-02-20 15:36:00,222,0,Thursday,23.78874436526427,39.113060721949616
2020-02-20,ST,12117,12925,8,2658997,2020-02-20 16:15:00,2020-02-20 16:20:00,252,0,Thursday,17.74261745297229,34.99307677978892
2020-02-20,BH,12117,12925,9,2658856,2020-02-20 17:04:00,2020-02-20 17:06:00,311,0,Thursday,21.79664122939608,33.99901726816542
2020-02-20,BRC,12117,12925,10,2657677,2020-02-20 18:05:00,2020-02-20 18:15:00,381,0,Thursday,16.43597147963741,35.46089919525083
2020-02-20,GDA,12117,12925,11,2657679,2020-02-20 19:19:00,2020-02-20 19:21:00,455,0,Thursday,18.210156567868896,42.583642343961635
2020-02-20,DHD,12117,12925,12,2659080,2020-02-20 20:20:00,2020-02-20 20:22:00,528,0,Thursday,18.532628181953463,44.26469103829394
2020-02-20,MGN,12117,12925,13,2732042,2020-02-20 20:45:00,2020-02-20 20:47:00,561,0,Thursday,23.66747021045867,53.64277721343365
2020-02-20,RTM,12117,12925,14,2659597,2020-02-20 22:20:00,2020-02-20 22:30:00,642,0,Thursday,9.914116100851267,39.82209519124886
2020-02-20,NAD,12117,12925,15,2659388,2020-02-20 23:20:00,2020-02-20 23:25:00,683,0,Thursday,12.06672452412047,42.96203678333508
2020-02-20,SGZ,12117,12925,16,2658477,2020-02-21 00:23:00,2020-02-21 00:25:00,775,1,Thursday,21.055798662707545,40.729388168092484
2020-02-20,RMA,12117,12925,17,2659259,2020-02-21 01:08:00,2020-02-21 01:10:00,836,1,Thursday,22.15966491270476,37.63362189232657
2020-02-20,KOTA,12117,12925,18,2659081,2020-02-21 02:10:00,2020-02-21 02:20:00,909,1,Thursday,13.371931223249128,31.635476322327676
2020-02-20,SWM,12117,12925,19,2658245,2020-02-21 03:48:00,2020-02-21 03:50:00,1017,1,Thursday,20.152439992008922,41.68296800201399
2020-02-20,GGC,12117,12925,20,2657753,2020-02-21 04:40:00,2020-02-21 04:45:00,1080,1,Thursday,22.38894482346155,39.2879694544421
2020-02-20,HAN,12117,12925,21,2658411,2020-02-21 05:18:00,2020-02-21 05:20:00,1125,1,Thursday,31.15430788950278,54.81231277663421
2020-02-20,BXN,12117,12925,22,2657803,2020-02-21 05:48:00,2020-02-21 05:50:00,1157,1,Thursday,28.419495461959162,57.73522665357663
2020-02-20,BTE,12117,12925,23,2657713,2020-02-21 06:28:00,2020-02-21 06:30:00,1199,1,Thursday,31.79235209024669,57.865305239758975
2020-02-20,MTJ,12117,12925,24,2659144,2020-02-21 07:35:00,2020-02-21 07:40:00,1233,1,Thursday,29.20577405708294,46.31453177935483
2020-02-20,FDB,12117,12925,25,2659398,2020-02-21 09:28:00,2020-02-21 09:30:00,1346,1,Thursday,37.57430201714186,53.24301324033726
2020-02-20,NZM,12117,12925,26,2657830,2020-02-21 10:01:00,2020-02-21 10:03:00,1367,1,Thursday,45.61270561670882,59.9061715123581
2020-02-20,NDLS,12117,12925,27,2657756,2020-02-21 10:40:00,2020-02-21 11:05:00,1374,1,Thursday,45.38480241691313,55.77744816136513
2020-02-20,SZM,12117,12925,28,2658271,2020-02-21 11:19:00,2020-02-21 11:21:00,1378,1,Thursday,64.14771756126203,71.78283730809255
2020-02-20,SNP,12117,12925,29,2658765,2020-02-21 11:50:00,2020-02-21 11:52:00,1419,1,Thursday,81.91583989318683,100.0098880139789
2020-02-20,PNP,12117,12925,30,2658611,2020-02-21 12:26:00,2020-02-21 12:28:00,1464,1,Thursday,90.3394744405901,101.5709746897723
2020-02-20,KUN,12117,12925,31,2658272,2020-02-21 12:51:00,2020-02-21 12:53:00,1498,1,Thursday,90.51471761915934,108.7596809820714
2020-02-20,KKDE,12117,12925,32,2659417,2020-02-21 13:19:00,2020-02-21 13:21:00,1531,1,Thursday,103.7652680089226,114.94774561623565
2020-02-20,UMB,12117,12925,33,2659509,2020-02-21 14:40:00,2020-02-21 15:15:00,1572,1,Thursday,63.449780551509356,66.19238573160762
2020-02-20,UBC,12117,12925,34,2657851,2020-02-21 15:07:00,2020-02-21 15:09:00,1581,1,Thursday,63.406725721441234,83.41803386871486
2020-02-20,SIR,12117,12925,35,2658485,2020-02-21 15:42:00,2020-02-21 15:44:00,1627,1,Thursday,72.90793594002821,89.52119334953707
2020-02-20,CDG,12117,12925,36,2658510,2020-02-21 15:57:00,2020-02-21 16:10:00,1639,1,Thursday,72.9395990723092,90.81200716322805
2020-02-20,KNN,12117,12925,37,2658036,2020-02-21 15:56:00,2020-02-21 15:58:00,1644,1,Thursday,86.32064219507413,98.9256319514277
2020-02-20,KLK,12117,12925,38,2658088,2020-02-21 16:45:00,,1676,1,Thursday,82.33105258171796,82.44651651790437
2020-02-20,LDH,12117,12925,39,2658435,2020-02-21 16:46:00,2020-02-21 16:51:00,1687,1,Thursday,84.1970988911462,102.68813138409107
2020-02-20,PGW,12117,12925,40,2658284,2020-02-21 17:19:00,2020-02-21 17:21:00,1723,1,Thursday,91.95617173745919,117.93017368821587
2020-02-20,JRC,12117,12925,41,2657701,2020-02-21 17:37:00,2020-02-21 17:39:00,1739,1,Thursday,92.18465071929126,116.28444670803758
2020-02-20,JUC,12117,12925,42,2657676,2020-02-21 17:53:00,2020-02-21 17:58:00,1744,1,Thursday,92.25438556391134,112.44705674676088
2020-02-20,BEAS,12117,12925,43,2658299,2020-02-21 18:30:00,2020-02-21 18:32:00,1780,1,Thursday,90.4341444188234,101.02554236826073
2020-02-20,ASR,12117,12925,44,2657719,2020-02-21 19:20:00,,1823,1,Thursday,72.4364861634112,26.93451851941478
